物品ID,名字,描述,物品详细描述(127汉字),物品类型描述,物品栏图片,物品栏图片,物品栏图片,等级,物品分类,物品子类,lBourseClass,生物最多拥有个数,需求爵位,需求状态,死亡掉落几率,获取绑定,装备绑定,销毁标志,出售标志,买入价格,点卷买入,买入士气,点卷购买,卖出价格,卖出士气,叠放数量,使用消失,流通次数,物品转移记录,存在时间的类型,存在时间,切地图消失,物品冷却ID,物品排序,lUseType_LUA,szGoods_LUA[64],死亡销毁,下线掉落,切换地图掉落,能否放仓库,交易所分类查询,BcmPickupMessage,long lDropCallLua,long lBaseParam_1,long lBaseParam_2,long lBaseParam_3,lEffectID,宝石的种类,是否能合成
0:无效ID(宝石只能40开头，因为lua脚本邮寄需要判断，详细找春明),15个汉字,31个汉字,127个汉字,最多7个汉字,lResID,lResID,lResID,lLevel,1:装备，2:药品，3:原料,"//1 = 普通材料
//2 = 宝石
","1000 单手匕首    3002 披风        5006 绿宝石
1001 单手剑      3003 眼部        5007 黄宝石
1002 双手剑      3004 嘴部        5008 紫宝石
1003 双手斧      4000 金币        5009 深绿宝石
1004 双手枪      4001 点卷        5010 深黄宝石
1005 双手魔法书  5000 矿物        5011 深紫宝石
2000 头盔        5001 木材        5012 永恒宝石
2001 衣服        5002 药材        5013 奇迹宝石
2002 腰带        5003 食材        5014 传说宝石
2003 手套        5004 猎材        5015 月光宝石
2004 护腿        5005 其它        5016 不灭宝石
2005 鞋子        6000 药品        5017 红宝石
2006 盾牌        6001 施法材料    5018 蓝宝石  5026基础防御宝石 5029反击概率宝石 5028反击强度宝石
3000 项链        7000 生产工具
3001 戒指        8000 图纸        8001 配方",0:无数个,爵位不够无法使用,"0:没有要求,1:战斗,2:非战斗","0~100,0:不掉落",1:获得后不允许交易等,1:装备后不允许交易等,1:不可以销毁,1:不可以出售,"从NPC处买入,基本卖出价是买入价的60%，会浮动",从NPC处买入消耗的新手购物卷,"从NPC处买入消耗的士气,卖出获得的士气是买入士气的60%",从NPC处买入消耗的点卷,向NPC处卖出的价格,向NPC处卖出消耗的士气,,1:使用后消失,0~30。-1:无次数限制,为1表示开启物品档案，会记录物品的转移情况,"0:游戏时间,1:现实时间","游戏时间单位:秒,现实时间单位:天,-1:无时间限制",//为1表示切换地图物品会消失,物品的冷却ID，注意：所有的冷却ID要唯一,物品的排序等级，0级优先级最低，排在最后面,LUA使用类型0：未知，1：直接使用，2：选择目标使用，3：选择地面使用，4：选择战争地图位置使用,物品的LUA函数名字,玩家死亡物品物品有概率销毁（概率100为100%）,玩家下线物品栏的物品掉落(1表示一定掉落),玩家切换地图物品栏的物品掉落(1表示一定掉落),为1表示不能放仓库,交易所查询物品属性定义,"BOSS掉落后的拾取广播(默认0,不广播;1为需要广播)","为1表示此物品被丢弃时，会回调lua函数：OnDropGoods(long lActorID, long lGoodsID, long lContainerID, long lPos, long luidHigh, long luidLow)",保留ID,保留ID,保留ID,宝石带来的效果ID,同类宝石填写数值相同,为1表示允许
40001,一档物攻宝石,物理攻击+5,★  [a]用途：[/]可以镶嵌在所有档的头盔、衣服、武器上，可以找[/][255:0:255]宝石店[/]的珠宝工匠进行镶嵌。#★  [a]获取：[/]通过庄园宝石池培养宝石原料获得#★  [a]说明：[/]两颗该宝石可以找[/][255:0:255]宝石店[/]的珠宝工匠合成为更高一级宝石。下一级宝石物理攻击+7。,宝石,53070,53070,53070,1,3,2,5006,0,,0,0,,,,,164,164,0,,,,1000,,-1,0,,-1,,,,,,,,,,0,,,,,,30001,1,1
40002,二档物攻宝石,物理攻击+7,★  [a]用途：[/]可以镶嵌在所有档的头盔、衣服、武器上，可以找[/][255:0:255]宝石店[/]的珠宝工匠进行镶嵌。#★  [a]获取：[/]通过庄园宝石池培养宝石原料获得#★  [a]说明：[/]两颗该宝石可以找[/][255:0:255]宝石店[/]的珠宝工匠合成为更高一级宝石。下一级宝石物理攻击+9。,宝石,53071,53071,53071,2,3,2,5006,0,,0,0,,,,,287,287,0,,,,1000,,-1,1,,-1,,,,,,,,,,0,,,,,,30002,1,1
40003,三档物攻宝石,物理攻击+9,★  [a]用途：[/]可以镶嵌在二至四档头盔、衣服、武器上，可以找[/][255:0:255]宝石店[/]的珠宝工匠进行镶嵌。#★  [a]获取：[/]通过庄园宝石池培养宝石原料获得#★  [a]说明：[/]两颗该宝石可以找[/][255:0:255]宝石店[/]的珠宝工匠合成为更高一级宝石。下一级宝石物理攻击+12。,宝石,53072,53072,53072,3,3,2,5006,0,,0,0,,,,,793,793,0,,,,1000,,-1,1,,-1,,,,,,,,,,0,,,,,,30003,1,1
40004,四档物攻宝石,物理攻击+12,★  [a]用途：[/]可以镶嵌在三至四档头盔、衣服、武器上，可以找[/][255:0:255]宝石店[/]的珠宝工匠进行镶嵌。#★  [a]获取：[/]通过庄园宝石池培养宝石原料获得#★  [a]说明：[/]两颗该宝石可以找[/][255:0:255]宝石店[/]的珠宝工匠合成为更高一级宝石。下一级宝石物理攻击+15。,宝石,53073,53073,53073,4,3,2,5006,0,,0,0,,,,,3651,3651,0,,,,1000,,-1,1,,-1,,,,,,,,,,0,,,,,,30004,1,1
40005,五档物攻宝石,物理攻击+15,★  [a]用途：[/]可以镶嵌在四档头盔、衣服、武器上，可以找[/][255:0:255]宝石店[/]的珠宝工匠进行镶嵌。#★  [a]获取：[/]通过庄园宝石池培养宝石原料获得#★  [a]说明：[/]两颗该宝石可以找[/][255:0:255]宝石店[/]的珠宝工匠合成为更高一级宝石。下一级宝石物理攻击+18(暂时不开放),宝石,53047,53047,53047,5,3,2,5006,0,,0,0,,,,,6648,6648,0,,,,1000,,-1,1,,-1,,,,,,,,,,0,,,,,,30005,1,1
40006,六档物攻宝石,物理攻击+18,★  [a]用途：[/]可以镶嵌在头盔、衣服、武器上，可以找[/][255:0:255]宝石店[/]的珠宝工匠进行镶嵌。#★  [a]获取：[/]通过庄园宝石池培养宝石原料获得#★  [a]说明：[/]两颗该宝石可以找[/][255:0:255]宝石店[/]的珠宝工匠合成为更高一级宝石。下一级宝石物理攻击+21。,宝石,53074,53074,53074,6,3,2,0,0,,0,0,,,,,12134,12134,0,,,,1000,,-1,1,,-1,,,,,,,,,,0,,,,,,30006,1,1
40007,七档物攻宝石,物理攻击+21,★  [a]用途：[/]可以镶嵌在头盔、衣服、武器上，可以找[/][255:0:255]宝石店[/]的珠宝工匠进行镶嵌。#★  [a]获取：[/]通过庄园宝石池培养宝石原料获得#★  [a]说明：[/]两颗该宝石可以找[/][255:0:255]宝石店[/]的珠宝工匠合成为更高一级宝石。下一级宝石物理攻击+25。,宝石,53075,53075,53075,7,3,2,0,0,,0,0,,,,,20833,20833,0,,,,1000,,-1,1,,-1,,,,,,,,,,0,,,,,,30007,1,1
40008,八档物攻宝石,物理攻击+25,★  [a]用途：[/]可以镶嵌在头盔、衣服、武器上。#★  [a]说明：[/]两颗该宝石为最高档宝石。,宝石,53076,53076,53076,8,3,2,0,0,,0,0,,,,,35182,35182,0,,,,1000,,-1,1,,-1,,,,,,,,,,0,,,,,,30008,1,1
40011,一档火攻宝石,火药攻击+5,★  [a]用途：[/]可以镶嵌在所有档的头盔、衣服、武器上，可以找[/][255:0:255]宝石店[/]的珠宝工匠进行镶嵌。#★  [a]获取：[/]通过庄园宝石池培养宝石原料获得#★  [a]说明：[/]两颗该宝石可以找[/][255:0:255]宝石店[/]的珠宝工匠合成为更高一级宝石。下一级宝石火药攻击+7。,宝石,53077,53077,53077,1,3,2,5007,0,,0,0,,,,,164,164,0,,,,1000,,-1,0,,-1,,,,,,,,,,0,,,,,,30009,2,1
40012,二档火攻宝石,火药攻击+7,★  [a]用途：[/]可以镶嵌在所有档的头盔、衣服、武器上，可以找[/][255:0:255]宝石店[/]的珠宝工匠进行镶嵌。#★  [a]获取：[/]通过庄园宝石池培养宝石原料获得#★  [a]说明：[/]两颗该宝石可以找[/][255:0:255]宝石店[/]的珠宝工匠合成为更高一级宝石。下一级宝石火药攻击+9。,宝石,53078,53078,53078,2,3,2,5007,0,,0,0,,,,,287,287,0,,,,1000,,-1,1,,-1,,,,,,,,,,0,,,,,,30010,2,1
40013,三档火攻宝石,火药攻击+9,★  [a]用途：[/]可以镶嵌在二至三档头盔、衣服、武器上，可以找[/][255:0:255]宝石店[/]的珠宝工匠进行镶嵌。#★  [a]获取：[/]通过庄园宝石池培养宝石原料获得#★  [a]说明：[/]两颗该宝石可以找[/][255:0:255]宝石店[/]的珠宝工匠合成为更高一级宝石。#★  下一级宝石火药攻击+12。,宝石,53079,53079,53079,3,3,2,5007,0,,0,0,,,,,793,793,0,,,,1000,,-1,1,,-1,,,,,,,,,,0,,,,,,30011,2,1
40014,四档火攻宝石,火药攻击+12,★  [a]用途：[/]可以镶嵌在三至四档头盔、衣服、武器上，可以找[/][255:0:255]宝石店[/]的珠宝工匠进行镶嵌。#★  [a]获取：[/]通过庄园宝石池培养宝石原料获得#★  [a]说明：[/]两颗该宝石可以找[/][255:0:255]宝石店[/]的珠宝工匠合成为更高一级宝石。下一级宝石火药攻击+15。,宝石,53080,53080,53080,4,3,2,5007,0,,0,0,,,,,3651,3651,0,,,,1000,,-1,1,,-1,,,,,,,,,,0,,,,,,30012,2,1
40015,五档火攻宝石,火药攻击+15,★  [a]用途：[/]可以镶嵌在四档头盔、衣服、武器上，可以找[/][255:0:255]宝石店[/]的珠宝工匠进行镶嵌。#★  [a]获取：[/]通过庄园宝石池培养宝石原料获得#★  [a]说明：[/]两颗该宝石可以找[/][255:0:255]宝石店[/]的珠宝工匠合成为更高一级宝石。下一级宝石火药攻击+18(暂时不开放),宝石,53048,53048,53048,5,3,2,5007,0,,0,0,,,,,6648,6648,0,,,,1000,,-1,1,,-1,,,,,,,,,,0,,,,,,30013,2,1
40016,六档火攻宝石,火药攻击+18,★  [a]用途：[/]可以镶嵌在头盔、衣服、武器上，可以找[/][255:0:255]宝石店[/]的珠宝工匠进行镶嵌。#★  [a]获取：[/]通过庄园宝石池培养宝石原料获得#★  [a]说明：[/]两颗该宝石可以找[/][255:0:255]宝石店[/]的珠宝工匠合成为更高一级宝石。下一级宝石火药攻击+21。,宝石,53081,53081,53081,6,3,2,0,0,,0,0,,,,,12134,12134,0,,,,1000,,-1,1,,-1,,,,,,,,,,0,,,,,,30014,2,1
40017,七档火攻宝石,火药攻击+21,★  [a]用途：[/]可以镶嵌在头盔、衣服、武器上，可以找[/][255:0:255]宝石店[/]的珠宝工匠进行镶嵌。#★  [a]获取：[/]通过庄园宝石池培养宝石原料获得#★  [a]说明：[/]两颗该宝石可以找[/][255:0:255]宝石店[/]的珠宝工匠合成为更高一级宝石。下一级宝石火药攻击+25。,宝石,53082,53082,53082,7,3,2,0,0,,0,0,,,,,20833,20833,0,,,,1000,,-1,1,,-1,,,,,,,,,,0,,,,,,30015,2,1
40018,八档火攻宝石,火药攻击+25,★  [a]用途：[/]可以镶嵌在头盔、衣服、武器上。#★  [a]说明：[/]两颗该宝石为最高档宝石。,宝石,53083,53083,53083,8,3,2,0,0,,0,0,,,,,35182,35182,0,,,,1000,,-1,1,,-1,,,,,,,,,,0,,,,,,30016,2,1
40021,一档魔攻宝石,魔法攻击+5,★  [a]用途：[/]可以镶嵌在所有档的头盔、衣服、武器、魔法项链上，可以找[/][255:0:255]宝石店[/]的珠宝工匠进行镶嵌。#★  [a]获取：[/]通过庄园宝石池培养宝石原料获得#★  [a]说明：[/]两颗该宝石可以找[/][255:0:255]宝石店[/]的珠宝工匠合成为更高一级宝石。下一级宝石魔法攻击+7。,宝石,53084,53084,53084,1,3,2,5008,0,,0,0,,,,,164,164,0,,,,1000,,-1,0,,-1,,,,,,,,,,0,,,,,,30017,3,1
40022,二档魔攻宝石,魔法攻击+7,★  [a]用途：[/]可以镶嵌在所有档的头盔、衣服、武器、魔法项链上，可以找[/][255:0:255]宝石店[/]的珠宝工匠进行镶嵌。#★  [a]获取：[/]通过庄园宝石池培养宝石原料获得#★  [a]说明：[/]两颗该宝石可以找[/][255:0:255]宝石店[/]的珠宝工匠合成为更高一级宝石。下一级宝石魔法攻击+9。,宝石,53085,53085,53085,2,3,2,5008,0,,0,0,,,,,287,287,0,,,,1000,,-1,1,,-1,,,,,,,,,,0,,,,,,30018,3,1
40023,三档魔攻宝石,魔法攻击+9,★  [a]用途：[/]可以镶嵌在二至三档头盔、衣服、武器、魔法项链上，可以找[/][255:0:255]宝石店[/]的珠宝工匠进行镶嵌。#★  [a]获取：[/]通过庄园宝石池培养宝石原料获得#★  [a]说明：[/]两颗该宝石可以找[/][255:0:255]宝石店[/]的珠宝工匠合成为更高一级宝石。#★  下一级宝石魔法攻击+12。,宝石,53086,53086,53086,3,3,2,5008,0,,0,0,,,,,793,793,0,,,,1000,,-1,1,,-1,,,,,,,,,,0,,,,,,30019,3,1
40024,四档魔攻宝石,魔法攻击+12,★  [a]用途：[/]可以镶嵌在三至四档头盔、衣服、武器、魔法项链上，可以找[/][255:0:255]宝石店[/]的珠宝工匠进行镶嵌。#★  [a]获取：[/]通过庄园宝石池培养宝石原料获得#★  [a]说明：[/]两颗该宝石可以找[/][255:0:255]宝石店[/]的珠宝工匠合成为更高一级宝石。下一级宝石魔法攻击+15。,宝石,53087,53087,53087,4,3,2,5008,0,,0,0,,,,,3651,3651,0,,,,1000,,-1,1,,-1,,,,,,,,,,0,,,,,,30020,3,1
40025,五档魔攻宝石,魔法攻击+15,★  [a]用途：[/]可以镶嵌在四档头盔、衣服、武器、魔法项链上，可以找[/][255:0:255]宝石店[/]的珠宝工匠进行镶嵌。#★  [a]获取：[/]通过庄园宝石池培养宝石原料获得#★  [a]说明：[/]两颗该宝石可以找[/][255:0:255]宝石店[/]的珠宝工匠合成为更高一级宝石。下一级宝石魔法攻击+18(暂时不开放),宝石,53049,53049,53049,5,3,2,5008,0,,0,0,,,,,6648,6648,0,,,,1000,,-1,1,,-1,,,,,,,,,,0,,,,,,30021,3,1
40026,六档魔攻宝石,魔法攻击+18,★  [a]用途：[/]可以镶嵌在头盔、衣服、武器、魔法项链上，可以找[/][255:0:255]宝石店[/]的珠宝工匠进行镶嵌。#★  [a]获取：[/]通过庄园宝石池培养宝石原料获得#★  [a]说明：[/]两颗该宝石可以找[/][255:0:255]宝石店[/]的珠宝工匠合成为更高一级宝石。下一级宝石魔法攻击+21。,宝石,53088,53088,53088,6,3,2,0,0,,0,0,,,,,12134,12134,0,,,,1000,,-1,1,,-1,,,,,,,,,,0,,,,,,30022,3,1
40027,七档魔攻宝石,魔法攻击+21,★  [a]用途：[/]可以镶嵌在头盔、衣服、武器、魔法项链上，可以找[/][255:0:255]宝石店[/]的珠宝工匠进行镶嵌。#★  [a]获取：[/]通过庄园宝石池培养宝石原料获得#★  [a]说明：[/]两颗该宝石可以找[/][255:0:255]宝石店[/]的珠宝工匠合成为更高一级宝石。下一级宝石魔法攻击+25。,宝石,53089,53089,53089,7,3,2,0,0,,0,0,,,,,20833,20833,0,,,,1000,,-1,1,,-1,,,,,,,,,,0,,,,,,30023,3,1
40028,八档魔攻宝石,魔法攻击+25,★  [a]用途：[/]可以镶嵌在头盔、衣服、武器、魔法项链上。#★  [a]说明：[/]两颗该宝石为最高档宝石。,宝石,53090,53090,53090,8,3,2,0,0,,0,0,,,,,35182,35182,0,,,,1000,,-1,1,,-1,,,,,,,,,,0,,,,,,30024,3,1
40031,一档物暴宝石,物理暴击+2,★  [a]用途：[/]可以镶嵌在所有档的披风、物理武器、物理戒指上，可以找[/][255:0:255]宝石店[/]的珠宝工匠进行镶嵌。#★  [a]获取：[/]通过庄园宝石池培养宝石原料获得#★  [a]说明：[/]两颗该宝石可以找[/][255:0:255]宝石店[/]的珠宝工匠合成为更高一级宝石。下一级宝石物理暴击+4。,宝石,53091,53091,53091,1,3,2,5009,0,,0,0,,,,,164,164,0,,,,1000,,-1,0,,-1,,,,,,,,,,0,,,,,,30065,4,1
40032,二档物暴宝石,物理暴击+4,★  [a]用途：[/]可以镶嵌在所有档的披风、物理武器、物理戒指上，可以找[/][255:0:255]宝石店[/]的珠宝工匠进行镶嵌。#★  [a]获取：[/]通过庄园宝石池培养宝石原料获得#★  [a]说明：[/]两颗该宝石可以找[/][255:0:255]宝石店[/]的珠宝工匠合成为更高一级宝石。下一级宝石物理暴击+7。,宝石,53092,53092,53092,2,3,2,5009,0,,0,0,,,,,287,287,0,,,,1000,,-1,1,,-1,,,,,,,,,,0,,,,,,30066,4,1
40033,三档物暴宝石,物理暴击+7,★  [a]用途：[/]可以镶嵌在二至三档披风、物理武器、物理戒指上，可以找[/][255:0:255]宝石店[/]的珠宝工匠进行镶嵌。#★  [a]获取：[/]通过庄园宝石池培养宝石原料获得#★  [a]说明：[/]两颗该宝石可以找[/][255:0:255]宝石店[/]的珠宝工匠合成为更高一级宝石。#★  下一级宝石物理暴击+9。,宝石,53093,53093,53093,3,3,2,5009,0,,0,0,,,,,793,793,0,,,,1000,,-1,1,,-1,,,,,,,,,,0,,,,,,30067,4,1
40034,四档物暴宝石,物理暴击+9,★  [a]用途：[/]可以镶嵌在三至四档披风、物理战武器、物理戒指上，可以找[/][255:0:255]宝石店[/]的珠宝工匠进行镶嵌。#★  [a]获取：[/]通过庄园宝石池培养宝石原料获得#★  [a]说明：[/]两颗该宝石可以找[/][255:0:255]宝石店[/]的珠宝工匠合成为更高一级宝石。下一级宝石物理暴击+13。,宝石,53094,53094,53094,4,3,2,5009,0,,0,0,,,,,3651,3651,0,,,,1000,,-1,1,,-1,,,,,,,,,,0,,,,,,30068,4,1
40035,五档物暴宝石,物理暴击+13,★  [a]用途：[/]可以镶嵌在四档披风、物理武器、物理戒指上，可以找[/][255:0:255]宝石店[/]的珠宝工匠进行镶嵌。#★  [a]获取：[/]通过庄园宝石池培养宝石原料获得#★  [a]说明：[/]两颗该宝石可以找[/][255:0:255]宝石店[/]的珠宝工匠合成为更高一级宝石。下一级宝石物理暴击+17(暂时不开放),宝石,53050,53050,53050,5,3,2,5009,0,,0,0,,,,,6648,6648,0,,,,1000,,-1,1,,-1,,,,,,,,,,0,,,,,,30069,4,1
40036,六档物暴宝石,物理暴击+17,★  [a]用途：[/]可以镶嵌在披风、物理武器、物理戒指上，可以找[/][255:0:255]宝石店[/]的珠宝工匠进行镶嵌。#★  [a]获取：[/]通过庄园宝石池培养宝石原料获得#★  [a]说明：[/]两颗该宝石可以找[/][255:0:255]宝石店[/]的珠宝工匠合成为更高一级宝石。下一级宝石物理暴击+25。,宝石,53095,53095,53095,6,3,2,0,0,,0,0,,,,,12134,12134,0,,,,1000,,-1,1,,-1,,,,,,,,,,0,,,,,,30070,4,1
40037,七档物暴宝石,物理暴击+25,★  [a]用途：[/]可以镶嵌在披风、物理武器、物理戒指上，可以找[/][255:0:255]宝石店[/]的珠宝工匠进行镶嵌。#★  [a]获取：[/]通过庄园宝石池培养宝石原料获得#★  [a]说明：[/]两颗该宝石可以找[/][255:0:255]宝石店[/]的珠宝工匠合成为更高一级宝石。下一级宝石物理暴击+34。,宝石,53096,53096,53096,7,3,2,0,0,,0,0,,,,,20833,20833,0,,,,1000,,-1,1,,-1,,,,,,,,,,0,,,,,,30071,4,1
40038,八档物暴宝石,物理暴击+34,★  [a]用途：[/]可以镶嵌在披风、物理武器、物理戒指上。#★  [a]说明：[/]两颗该宝石为最高档宝石。,宝石,53097,53097,53097,8,3,2,0,0,,0,0,,,,,35182,35182,0,,,,1000,,-1,1,,-1,,,,,,,,,,0,,,,,,30072,4,1
40041,一档火暴宝石,火药暴击+4,★  [a]用途：[/]可以镶嵌在所有档的披风、火药武器、火药戒指、火药项链上，可以找[/][255:0:255]宝石店[/]的珠宝工匠进行镶嵌。#★  [a]获取：[/]通过庄园宝石池培养宝石原料获得#★  [a]说明：[/]两颗该宝石可以找[/][255:0:255]宝石店[/]的珠宝工匠合成为更高一级宝石。下一级宝石火药暴击+6。,宝石,53098,53098,53098,1,3,2,5010,0,,0,0,,,,,164,164,0,,,,1000,,-1,0,,-1,,,,,,,,,,0,,,,,,30073,5,1
40042,二档火暴宝石,火药暴击+6,★  [a]用途：[/]可以镶嵌在所有档的披风、火药武器、火药戒指、火药项链上，可以找[/][255:0:255]宝石店[/]的珠宝工匠进行镶嵌。#★  [a]获取：[/]通过庄园宝石池培养宝石原料获得#★  [a]说明：[/]两颗该宝石可以找[/][255:0:255]宝石店[/]的珠宝工匠合成为更高一级宝石。下一级宝石火药暴击+9。,宝石,53099,53099,53099,2,3,2,5010,0,,0,0,,,,,287,287,0,,,,1000,,-1,1,,-1,,,,,,,,,,0,,,,,,30074,5,1
40043,三档火暴宝石,火药暴击+9,★  [a]用途：[/]可以镶嵌在二至三档披风、火药武器、火药戒指、火药项链上，可以找[/][255:0:255]宝石店[/]的珠宝工匠进行镶嵌。#★  [a]获取：[/]通过庄园宝石池培养宝石原料获得#★  [a]说明：[/]两颗该宝石可以找[/][255:0:255]宝石店[/]的珠宝工匠合成为更高一级宝石。#★  下一级宝石火药暴击+12。,宝石,53100,53100,53100,3,3,2,5010,0,,0,0,,,,,793,793,0,,,,1000,,-1,1,,-1,,,,,,,,,,0,,,,,,30075,5,1
40044,四档火暴宝石,火药暴击+12,★  [a]用途：[/]可以镶嵌在三至四档披风、火药武器、火药戒指、火药项链上，可以找[/][255:0:255]宝石店[/]的珠宝工匠进行镶嵌。#★  [a]获取：[/]通过庄园宝石池培养宝石原料获得#★  [a]说明：[/]两颗该宝石可以找[/][255:0:255]宝石店[/]的珠宝工匠合成为更高一级宝石。下一级宝石火药暴击+17。,宝石,53101,53101,53101,4,3,2,5010,0,,0,0,,,,,3651,3651,0,,,,1000,,-1,1,,-1,,,,,,,,,,0,,,,,,30076,5,1
40045,五档火暴宝石,火药暴击+17,★  [a]用途：[/]可以镶嵌在四档披风、火药武器、火药戒指、火药项链上，可以找[/][255:0:255]宝石店[/]的珠宝工匠进行镶嵌。#★  [a]获取：[/]通过庄园宝石池培养宝石原料获得#★  [a]说明：[/]两颗该宝石可以找[/][255:0:255]宝石店[/]的珠宝工匠合成为更高一级宝石。下一级宝石火药暴击+22(暂时不开放),宝石,53051,53051,53051,5,3,2,5010,0,,0,0,,,,,6648,6648,0,,,,1000,,-1,1,,-1,,,,,,,,,,0,,,,,,30077,5,1
40046,六档火暴宝石,火药暴击+22,★  [a]用途：[/]可以镶嵌在披风、火药武器、火药戒指、火药项链上，可以找[/][255:0:255]宝石店[/]的珠宝工匠进行镶嵌。#★  [a]获取：[/]通过庄园宝石池培养宝石原料获得#★  [a]说明：[/]两颗该宝石可以找[/][255:0:255]宝石店[/]的珠宝工匠合成为更高一级宝石。下一级宝石火药暴击+30。,宝石,53102,53102,53102,6,3,2,0,0,,0,0,,,,,12134,12134,0,,,,1000,,-1,1,,-1,,,,,,,,,,0,,,,,,30078,5,1
40047,七档火暴宝石,火药暴击+30,★  [a]用途：[/]可以镶嵌在披风、火药武器、火药戒指、火药项链上，可以找[/][255:0:255]宝石店[/]的珠宝工匠进行镶嵌。#★  [a]获取：[/]通过庄园宝石池培养宝石原料获得#★  [a]说明：[/]两颗该宝石可以找[/][255:0:255]宝石店[/]的珠宝工匠合成为更高一级宝石。下一级宝石火药暴击+40。,宝石,53103,53103,53103,7,3,2,0,0,,0,0,,,,,20833,20833,0,,,,1000,,-1,1,,-1,,,,,,,,,,0,,,,,,30079,5,1
40048,八档火暴宝石,火药暴击+40,★  [a]用途：[/]可以镶嵌在披风、火药武器、火药戒指、火药项链上。#★  [a]说明：[/]两颗该宝石为最高档宝石。,宝石,53104,53104,53104,8,3,2,0,0,,0,0,,,,,35182,35182,0,,,,1000,,-1,1,,-1,,,,,,,,,,0,,,,,,30080,5,1
40051,一档魔暴宝石,魔法暴击+3,★  [a]用途：[/]可以镶嵌在所有档的披风、魔法武器、魔法戒指上，可以找[/][255:0:255]宝石店[/]的珠宝工匠进行镶嵌。#★  [a]获取：[/]通过庄园宝石池培养宝石原料获得#★  [a]说明：[/]两颗该宝石可以找[/][255:0:255]宝石店[/]的珠宝工匠合成为更高一级宝石。下一级宝石魔法暴击+5。,宝石,53105,53105,53105,1,3,2,5011,0,,0,0,,,,,164,164,0,,,,1000,,-1,0,,-1,,,,,,,,,,0,,,,,,30081,6,1
40052,二档魔暴宝石,魔法暴击+5,★  [a]用途：[/]可以镶嵌在所有档的披风、魔法武器、魔法戒指上，可以找[/][255:0:255]宝石店[/]的珠宝工匠进行镶嵌。#★  [a]获取：[/]通过庄园宝石池培养宝石原料获得#★  [a]说明：[/]两颗该宝石可以找[/][255:0:255]宝石店[/]的珠宝工匠合成为更高一级宝石。下一级宝石魔法暴击+8。,宝石,53106,53106,53106,2,3,2,5011,0,,0,0,,,,,287,287,0,,,,1000,,-1,1,,-1,,,,,,,,,,0,,,,,,30082,6,1
40053,三档魔暴宝石,魔法暴击+8,★  [a]用途：[/]可以镶嵌在二至三档披风、魔法武器、魔法戒指上，可以找[/][255:0:255]宝石店[/]的珠宝工匠进行镶嵌。#★  [a]获取：[/]通过庄园宝石池培养宝石原料获得#★  [a]说明：[/]两颗该宝石可以找[/][255:0:255]宝石店[/]的珠宝工匠合成为更高一级宝石。#★  下一级宝石魔法暴击+11。,宝石,53107,53107,53107,3,3,2,5011,0,,0,0,,,,,793,793,0,,,,1000,,-1,1,,-1,,,,,,,,,,0,,,,,,30083,6,1
40054,四档魔暴宝石,魔法暴击+11,★  [a]用途：[/]可以镶嵌在三至四档披风、魔法武器、魔法戒指上，可以找[/][255:0:255]宝石店[/]的珠宝工匠进行镶嵌。#★  [a]获取：[/]通过庄园宝石池培养宝石原料获得#★  [a]说明：[/]两颗该宝石可以找[/][255:0:255]宝石店[/]的珠宝工匠合成为更高一级宝石。下一级宝石魔法暴击+15。,宝石,53108,53108,53108,4,3,2,5011,0,,0,0,,,,,3651,3651,0,,,,1000,,-1,1,,-1,,,,,,,,,,0,,,,,,30084,6,1
40055,五档魔暴宝石,魔法暴击+15,★  [a]用途：[/]可以镶嵌在四档披风、魔法武器、魔法戒指上，可以找[/][255:0:255]宝石店[/]的珠宝工匠进行镶嵌。#★  [a]获取：[/]通过庄园宝石池培养宝石原料获得#★  [a]说明：[/]两颗该宝石可以找[/][255:0:255]宝石店[/]的珠宝工匠合成为更高一级宝石。下一级宝石魔法暴击+20(暂时不开放),宝石,53052,53052,53052,5,3,2,5011,0,,0,0,,,,,6648,6648,0,,,,1000,,-1,1,,-1,,,,,,,,,,0,,,,,,30085,6,1
40056,六档魔暴宝石,魔法暴击+20,★  [a]用途：[/]可以镶嵌在披风、魔法武器、魔法戒指上，可以找[/][255:0:255]宝石店[/]的珠宝工匠进行镶嵌。#★  [a]获取：[/]通过庄园宝石池培养宝石原料获得#★  [a]说明：[/]两颗该宝石可以找[/][255:0:255]宝石店[/]的珠宝工匠合成为更高一级宝石。下一级宝石魔法暴击+27。,宝石,53109,53109,53109,6,3,2,0,0,,0,0,,,,,12134,12134,0,,,,1000,,-1,1,,-1,,,,,,,,,,0,,,,,,30086,6,1
40057,七档魔暴宝石,魔法暴击+27,★  [a]用途：[/]可以镶嵌在披风、魔法武器、魔法戒指上，可以找[/][255:0:255]宝石店[/]的珠宝工匠进行镶嵌。#★  [a]获取：[/]通过庄园宝石池培养宝石原料获得#★  [a]说明：[/]两颗该宝石可以找[/][255:0:255]宝石店[/]的珠宝工匠合成为更高一级宝石。下一级宝石魔法暴击+36。,宝石,53110,53110,53110,7,3,2,0,0,,0,0,,,,,20833,20833,0,,,,1000,,-1,1,,-1,,,,,,,,,,0,,,,,,30087,6,1
40058,八档魔暴宝石,魔法暴击+36,★  [a]用途：[/]可以镶嵌在披风、魔法武器、魔法戒指上。#★  [a]说明：[/]两颗该宝石为最高档宝石。,宝石,53111,53111,53111,8,3,2,0,0,,0,0,,,,,35182,35182,0,,,,1000,,-1,1,,-1,,,,,,,,,,0,,,,,,30088,6,1
40061,一档物防宝石,物理防御+3,★  [a]用途：[/]可以镶嵌在所有档的（物理项链、物理盾牌、所有类型腰带、所有类型护腿）上，可以找[/][255:0:255]宝石店[/]的珠宝工匠进行镶嵌。#★  [a]获取：[/]通过庄园宝石池培养宝石原料获得#★  [a]说明：[/]两颗该宝石可以找[/][255:0:255]宝石店[/]的珠宝工匠合成为更高一级宝石。下一级宝石物理防御+5。,宝石,53112,53112,53112,1,3,2,5012,0,,0,0,,,,,164,164,0,,,,1000,,-1,0,,-1,,,,,,,,,,0,,,,,,30025,7,1
40062,二档物防宝石,物理防御+5,★  [a]用途：[/]可以镶嵌在所有档的（物理项链、物理盾牌、所有类型腰带、所有类型护腿）上，可以找[/][255:0:255]宝石店[/]的珠宝工匠进行镶嵌。#★  [a]获取：[/]通过庄园宝石池培养宝石原料获得#★  [a]说明：[/]两颗该宝石可以找[/][255:0:255]宝石店[/]的珠宝工匠合成为更高一级宝石。下一级宝石物理防御+7。,宝石,53113,53113,53113,2,3,2,5012,0,,0,0,,,,,287,287,0,,,,1000,,-1,1,,-1,,,,,,,,,,0,,,,,,30026,7,1
40063,三档物防宝石,物理防御+7,★  [a]用途：[/]可以镶嵌在二至三档（物理项链、物理盾牌、所有类型腰带、所有类型护腿）上，可以找[/][255:0:255]宝石店[/]的珠宝工匠进行镶嵌。#★  [a]获取：[/]通过庄园宝石池培养宝石原料获得#★  [a]说明：[/]两颗该宝石可以找[/][255:0:255]宝石店[/]的珠宝工匠合成为更高一级宝石。#★  下一级宝石物理防御+11。,宝石,53114,53114,53114,3,3,2,5012,0,,0,0,,,,,793,793,0,,,,1000,,-1,1,,-1,,,,,,,,,,0,,,,,,30027,7,1
40064,四档物防宝石,物理防御+11,★  [a]用途：[/]可以镶嵌在三至四档（物理项链、物理盾牌、所有类型腰带、所有类型护腿）上，可以找[/][255:0:255]宝石店[/]的珠宝工匠进行镶嵌。#★  [a]获取：[/]通过庄园宝石池培养宝石原料获得#★  [a]说明：[/]两颗该宝石可以找[/][255:0:255]宝石店[/]的珠宝工匠合成为更高一级宝石。下一级宝石物理防御+14。,宝石,53053,53053,53053,4,3,2,5012,0,,0,0,,,,,3651,3651,0,,,,1000,,-1,1,,-1,,,,,,,,,,0,,,,,,30028,7,1
40065,五档物防宝石,物理防御+14,★  [a]用途：[/]可以镶嵌在四档（物理项链、物理盾牌、所有类型腰带、所有类型护腿）上，可以找[/][255:0:255]宝石店[/]的珠宝工匠进行镶嵌。#★  [a]获取：[/]通过庄园宝石池培养宝石原料获得#★  [a]说明：[/]两颗该宝石可以找[/][255:0:255]宝石店[/]的珠宝工匠合成为更高一级宝石。下一级宝石物理防御+18(暂时不开放),宝石,53115,53115,53115,5,3,2,5012,0,,0,0,,,,,6648,6648,0,,,,1000,,-1,1,,-1,,,,,,,,,,0,,,,,,30029,7,1
40066,六档物防宝石,物理防御+18,★  [a]用途：[/]可以镶嵌在（物理项链、物理盾牌、所有类型腰带、所有类型护腿）上，可以找[/][255:0:255]宝石店[/]的珠宝工匠进行镶嵌。#★  [a]获取：[/]通过庄园宝石池培养宝石原料获得#★  [a]说明：[/]两颗该宝石可以找[/][255:0:255]宝石店[/]的珠宝工匠合成为更高一级宝石。下一级宝石物理防御+22。,宝石,53116,53116,53116,6,3,2,0,0,,0,0,,,,,12134,12134,0,,,,1000,,-1,1,,-1,,,,,,,,,,0,,,,,,30030,7,1
40067,七档物防宝石,物理防御+22,★  [a]用途：[/]可以镶嵌在（物理项链、物理盾牌、所有类型腰带、所有类型护腿）上，可以找[/][255:0:255]宝石店[/]的珠宝工匠进行镶嵌。#★  [a]获取：[/]通过庄园宝石池培养宝石原料获得#★  [a]说明：[/]两颗该宝石可以找[/][255:0:255]宝石店[/]的珠宝工匠合成为更高一级宝石。下一级宝石物理防御+25。,宝石,53117,53117,53117,7,3,2,0,0,,0,0,,,,,20833,20833,0,,,,1000,,-1,1,,-1,,,,,,,,,,0,,,,,,30031,7,1
40068,八档物防宝石,物理防御+25,★  [a]用途：[/]可以镶嵌在（物理项链、物理盾牌、所有类型腰带、所有类型护腿）上。#★  [a]说明：[/]两颗该宝石为最高档宝石。,宝石,53118,53118,53118,8,3,2,0,0,,0,0,,,,,35182,35182,0,,,,1000,,-1,1,,-1,,,,,,,,,,0,,,,,,30032,7,1
40071,一档火防宝石,火药防御+3,★  [a]用途：[/]可以镶嵌在所有档的火药、魔法（腰带、护腿）和近战护腿上，可以找[/][255:0:255]宝石店[/]的珠宝工匠进行镶嵌。#★  [a]获取：[/]通过庄园宝石池培养宝石原料获得#★  [a]说明：[/]两颗该宝石可以找[/][255:0:255]宝石店[/]的珠宝工匠合成为更高一级宝石。下一级宝石火药防御+5。,宝石,53119,53119,53119,1,3,2,5013,0,,0,0,,,,,164,164,0,,,,1000,,-1,0,,-1,,,,,,,,,,0,,,,,,30033,8,1
40072,二档火防宝石,火药防御+5,★  [a]用途：[/]可以镶嵌在所有档的火药、魔法（腰带、护腿）和近战护腿上，可以找[/][255:0:255]宝石店[/]的珠宝工匠进行镶嵌。#★  [a]获取：[/]通过庄园宝石池培养宝石原料获得#★  [a]说明：[/]两颗该宝石可以找[/][255:0:255]宝石店[/]的珠宝工匠合成为更高一级宝石。下一级宝石火药防御+7。,宝石,53120,53120,53120,2,3,2,5013,0,,0,0,,,,,287,287,0,,,,1000,,-1,1,,-1,,,,,,,,,,0,,,,,,30034,8,1
40073,三档火防宝石,火药防御+7,★  [a]用途：[/]可以镶嵌在二至三档火药、魔法（腰带、护腿）和近战护腿上，可以找[/][255:0:255]宝石店[/]的珠宝工匠进行镶嵌。#★  [a]获取：[/]通过庄园宝石池培养宝石原料获得#★  [a]说明：[/]两颗该宝石可以找[/][255:0:255]宝石店[/]的珠宝工匠合成为更高一级宝石。#★  下一级宝石火药防御+11。,宝石,53121,53121,53121,3,3,2,5013,0,,0,0,,,,,793,793,0,,,,1000,,-1,1,,-1,,,,,,,,,,0,,,,,,30035,8,1
40074,四档火防宝石,火药防御+11,★  [a]用途：[/]可以镶嵌在三至四档火药、魔法（腰带、护腿）和近战护腿上，可以找[/][255:0:255]宝石店[/]的珠宝工匠进行镶嵌。#★  [a]获取：[/]通过庄园宝石池培养宝石原料获得#★  [a]说明：[/]两颗该宝石可以找[/][255:0:255]宝石店[/]的珠宝工匠合成为更高一级宝石。下一级宝石火药防御+14。,宝石,53054,53054,53054,4,3,2,5013,0,,0,0,,,,,3651,3651,0,,,,1000,,-1,1,,-1,,,,,,,,,,0,,,,,,30036,8,1
40075,五档火防宝石,火药防御+14,★  [a]用途：[/]可以镶嵌在四档火药、魔法（腰带、护腿）和近战护腿上，可以找[/][255:0:255]宝石店[/]的珠宝工匠进行镶嵌。#★  [a]获取：[/]通过庄园宝石池培养宝石原料获得#★  [a]说明：[/]两颗该宝石可以找[/][255:0:255]宝石店[/]的珠宝工匠合成为更高一级宝石。下一级宝石火药防御+18(暂时不开放),宝石,53122,53122,53122,5,3,2,5013,0,,0,0,,,,,6648,6648,0,,,,1000,,-1,1,,-1,,,,,,,,,,0,,,,,,30037,8,1
40076,六档火防宝石,火药防御+18,★  [a]用途：[/]可以镶嵌在火药、魔法（腰带、护腿）和近战护腿上，可以找[/][255:0:255]宝石店[/]的珠宝工匠进行镶嵌。#★  [a]获取：[/]通过庄园宝石池培养宝石原料获得#★  [a]说明：[/]两颗该宝石可以找[/][255:0:255]宝石店[/]的珠宝工匠合成为更高一级宝石。下一级宝石火药防御+22。,宝石,53123,53123,53123,6,3,2,0,0,,0,0,,,,,12134,12134,0,,,,1000,,-1,1,,-1,,,,,,,,,,0,,,,,,30038,8,1
40077,七档火防宝石,火药防御+22,★  [a]用途：[/]可以镶嵌在火药、魔法（腰带、护腿）和近战护腿上，可以找[/][255:0:255]宝石店[/]的珠宝工匠进行镶嵌。#★  [a]获取：[/]通过庄园宝石池培养宝石原料获得#★  [a]说明：[/]两颗该宝石可以找[/][255:0:255]宝石店[/]的珠宝工匠合成为更高一级宝石。下一级宝石火药防御+25。,宝石,53124,53124,53124,7,3,2,0,0,,0,0,,,,,20833,20833,0,,,,1000,,-1,1,,-1,,,,,,,,,,0,,,,,,30039,8,1
40078,八档火防宝石,火药防御+25,★  [a]用途：[/]可以镶嵌在火药、魔法（腰带、护腿）和近战护腿上。#★  [a]说明：[/]两颗该宝石为最高档宝石。,宝石,53125,53125,53125,8,3,2,0,0,,0,0,,,,,35182,35182,0,,,,1000,,-1,1,,-1,,,,,,,,,,0,,,,,,30040,8,1
40081,一档魔防宝石,魔法防御+3,★  [a]用途：[/]可以镶嵌在所有档的（所有类型腰带、所有类型护腿）上，可以找[/][255:0:255]宝石店[/]的珠宝工匠进行镶嵌。#★  [a]获取：[/]通过庄园宝石池培养宝石原料获得#★  [a]说明：[/]两颗该宝石可以找[/][255:0:255]宝石店[/]的珠宝工匠合成为更高一级宝石。下一级宝石魔法防御+5。,宝石,53126,53126,53126,1,3,2,5014,0,,0,0,,,,,164,164,0,,,,1000,,-1,0,,-1,,,,,,,,,,0,,,,,,30041,9,1
40082,二档魔防宝石,魔法防御+5,★  [a]用途：[/]可以镶嵌在所有档的（所有类型腰带、所有类型护腿）上，可以找[/][255:0:255]宝石店[/]的珠宝工匠进行镶嵌。#★  [a]获取：[/]通过庄园宝石池培养宝石原料获得#★  [a]说明：[/]两颗该宝石可以找[/][255:0:255]宝石店[/]的珠宝工匠合成为更高一级宝石。下一级宝石魔法防御+7。,宝石,53127,53127,53127,2,3,2,5014,0,,0,0,,,,,287,287,0,,,,1000,,-1,1,,-1,,,,,,,,,,0,,,,,,30042,9,1
40083,三档魔防宝石,魔法防御+7,★  [a]用途：[/]可以镶嵌在二至三档（所有类型腰带、所有类型护腿）上，可以找[/][255:0:255]宝石店[/]的珠宝工匠进行镶嵌。#★  [a]获取：[/]通过庄园宝石池培养宝石原料获得#★  [a]说明：[/]两颗该宝石可以找[/][255:0:255]宝石店[/]的珠宝工匠合成为更高一级宝石。#★  下一级宝石魔法防御+11。,宝石,53128,53128,53128,3,3,2,5014,0,,0,0,,,,,793,793,0,,,,1000,,-1,1,,-1,,,,,,,,,,0,,,,,,30043,9,1
40084,四档魔防宝石,魔法防御+11,★  [a]用途：[/]可以镶嵌在三至四档（所有类型腰带、所有类型护腿）上，可以找[/][255:0:255]宝石店[/]的珠宝工匠进行镶嵌。#★  [a]获取：[/]通过庄园宝石池培养宝石原料获得#★  [a]说明：[/]两颗该宝石可以找[/][255:0:255]宝石店[/]的珠宝工匠合成为更高一级宝石。下一级宝石魔法防御+14。,宝石,53055,53055,53055,4,3,2,5014,0,,0,0,,,,,3651,3651,0,,,,1000,,-1,1,,-1,,,,,,,,,,0,,,,,,30044,9,1
40085,五档魔防宝石,魔法防御+14,★  [a]用途：[/]可以镶嵌在四档（所有类型腰带、所有类型护腿）上，可以找[/][255:0:255]宝石店[/]的珠宝工匠进行镶嵌。#★  [a]获取：[/]通过庄园宝石池培养宝石原料获得#★  [a]说明：[/]两颗该宝石可以找[/][255:0:255]宝石店[/]的珠宝工匠合成为更高一级宝石。下一级宝石魔法防御+18(暂时不开放),宝石,53129,53129,53129,5,3,2,5014,0,,0,0,,,,,6648,6648,0,,,,1000,,-1,1,,-1,,,,,,,,,,0,,,,,,30045,9,1
40086,六档魔防宝石,魔法防御+18,★  [a]用途：[/]可以镶嵌在（所有类型腰带、所有类型护腿）上，可以找[/][255:0:255]宝石店[/]的珠宝工匠进行镶嵌。#★  [a]获取：[/]通过庄园宝石池培养宝石原料获得#★  [a]说明：[/]两颗该宝石可以找[/][255:0:255]宝石店[/]的珠宝工匠合成为更高一级宝石。下一级宝石魔法防御+22。,宝石,53130,53130,53130,6,3,2,0,0,,0,0,,,,,12134,12134,0,,,,1000,,-1,1,,-1,,,,,,,,,,0,,,,,,30046,9,1
40087,七档魔防宝石,魔法防御+22,★  [a]用途：[/]可以镶嵌在（所有类型腰带、所有类型护腿）上，可以找[/][255:0:255]宝石店[/]的珠宝工匠进行镶嵌。#★  [a]获取：[/]通过庄园宝石池培养宝石原料获得#★  [a]说明：[/]两颗该宝石可以找[/][255:0:255]宝石店[/]的珠宝工匠合成为更高一级宝石。下一级宝石魔法防御+25。,宝石,53131,53131,53131,7,3,2,0,0,,0,0,,,,,20833,20833,0,,,,1000,,-1,1,,-1,,,,,,,,,,0,,,,,,30047,9,1
40088,八档魔防宝石,魔法防御+25,★  [a]用途：[/]可以镶嵌在（所有类型腰带、所有类型护腿）上。#★  [a]说明：[/]两颗该宝石为最高档宝石。,宝石,53132,53132,53132,8,3,2,0,0,,0,0,,,,,35182,35182,0,,,,1000,,-1,1,,-1,,,,,,,,,,0,,,,,,30048,9,1
40091,一档生命宝石,生命+10,★  [a]用途：[/]可以镶嵌在所有档的（衣服、披风、项链、戒指、腰带、手套、护腿、鞋子、物理盾牌）上，可以找[/][255:0:255]宝石店[/]的珠宝工匠进行镶嵌。#★  [a]获取：[/]通过庄园宝石池培养宝石原料获得#★  [a]说明：[/]两颗该宝石可以找[/][255:0:255]宝石店[/]的珠宝工匠合成为更高一级宝石。下一级宝石生命+20。,宝石,53133,53133,53133,1,3,2,5017,0,,0,0,,,,,164,164,0,,,,1000,,-1,0,,-1,,,,,,,,,,0,,,,,,30049,10,1
40092,二档生命宝石,生命+20,★  [a]用途：[/]可以镶嵌在所有档的（衣服、披风、项链、戒指、腰带、手套、护腿、鞋子、物理盾牌）上，可以找[/][255:0:255]宝石店[/]的珠宝工匠进行镶嵌。#★  [a]获取：[/]通过庄园宝石池培养宝石原料获得#★  [a]说明：[/]两颗该宝石可以找[/][255:0:255]宝石店[/]的珠宝工匠合成为更高一级宝石。下一级宝石生命+30。,宝石,53134,53134,53134,2,3,2,5017,0,,0,0,,,,,287,287,0,,,,1000,,-1,1,,-1,,,,,,,,,,0,,,,,,30050,10,1
40093,三档生命宝石,生命+30,★  [a]用途：[/]可以镶嵌在二至三档衣服、披风、项链、戒指、腰带、手套、护腿、鞋子、物理盾牌上，可以找[/][255:0:255]宝石店[/]的珠宝工匠进行镶嵌。#★  [a]获取：[/]通过庄园宝石池培养宝石原料获得#★  [a]说明：[/]两颗该宝石可以找[/][255:0:255]宝石店[/]的珠宝工匠合成为更高一级宝石。#★  下一级宝石生命+40。,宝石,53135,53135,53135,3,3,2,5017,0,,0,0,,,,,793,793,0,,,,1000,,-1,1,,-1,,,,,,,,,,0,,,,,,30051,10,1
40094,四档生命宝石,生命+40,★  [a]用途：[/]可以镶嵌在三至四档衣服、披风、项链、戒指、腰带、手套、护腿、鞋子、物理盾牌上，可以找[/][255:0:255]宝石店[/]的珠宝工匠进行镶嵌。#★  [a]获取：[/]通过庄园宝石池培养宝石原料获得#★  [a]说明：[/]两颗该宝石可以找[/][255:0:255]宝石店[/]的珠宝工匠合成为更高一级宝石。下一级宝石生命+50。,宝石,53136,53136,53136,4,3,2,5017,0,,0,0,,,,,3651,3651,0,,,,1000,,-1,1,,-1,,,,,,,,,,0,,,,,,30052,10,1
40095,五档生命宝石,生命+50,★  [a]用途：[/]可以镶嵌在四档衣服、披风、项链、戒指、腰带、手套、护腿、鞋子、物理盾牌上，可以找[/][255:0:255]宝石店[/]的珠宝工匠进行镶嵌。#★  [a]获取：[/]通过庄园宝石池培养宝石原料获得#★  [a]说明：[/]两颗该宝石可以找[/][255:0:255]宝石店[/]的珠宝工匠合成为更高一级宝石。下一级宝石生命+60(暂时不开放),宝石,53058,53058,53058,5,3,2,5017,0,,0,0,,,,,6648,6648,0,,,,1000,,-1,1,,-1,,,,,,,,,,0,,,,,,30053,10,1
40096,六档生命宝石,生命+60,★  [a]用途：[/]可以镶嵌在衣服、披风、项链、戒指、腰带、手套、护腿、鞋子、物理盾牌上，可以找[/][255:0:255]宝石店[/]的珠宝工匠进行镶嵌。#★  [a]获取：[/]通过庄园宝石池培养宝石原料获得#★  [a]说明：[/]两颗该宝石可以找[/][255:0:255]宝石店[/]的珠宝工匠合成为更高一级宝石。下一级宝石生命+70。,宝石,53137,53137,53137,6,3,2,0,0,,0,0,,,,,12134,12134,0,,,,1000,,-1,1,,-1,,,,,,,,,,0,,,,,,30054,10,1
40097,七档生命宝石,生命+70,★  [a]用途：[/]可以镶嵌在衣服、披风、项链、戒指、腰带、手套、护腿、鞋子、物理盾牌上，可以找[/][255:0:255]宝石店[/]的珠宝工匠进行镶嵌。#★  [a]获取：[/]通过庄园宝石池培养宝石原料获得#★  [a]说明：[/]两颗该宝石可以找[/][255:0:255]宝石店[/]的珠宝工匠合成为更高一级宝石。下一级宝石生命+80。,宝石,53138,53138,53138,7,3,2,0,0,,0,0,,,,,20833,20833,0,,,,1000,,-1,1,,-1,,,,,,,,,,0,,,,,,30055,10,1
40098,八档生命宝石,生命+80,★  [a]用途：[/]可以镶嵌在衣服、披风、项链、戒指、腰带、手套、护腿、鞋子、物理盾牌上。#★  [a]说明：[/]两颗该宝石为最高档宝石。,宝石,53139,53139,53139,8,3,2,0,0,,0,0,,,,,35182,35182,0,,,,1000,,-1,1,,-1,,,,,,,,,,0,,,,,,30056,10,1
40101,一档能量宝石,能量+10,★  [a]用途：[/]可以镶嵌在所有档的火药和魔法（披风、项链、戒指、腰带、手套、护腿、鞋子）上，可以找[/][255:0:255]宝石店[/]的珠宝工匠进行镶嵌。#★  [a]获取：[/]通过庄园宝石池培养宝石原料获得#★  [a]说明：[/]两颗该宝石可以找[/][255:0:255]宝石店[/]的珠宝工匠合成为更高一级宝石。下一级宝石能量+15。,宝石,53140,53140,53140,1,3,2,5018,0,,0,0,,,,,164,164,0,,,,1000,,-1,0,,-1,,,,,,,,,,0,,,,,,30057,11,1
40102,二档能量宝石,能量+15,★  [a]用途：[/]可以镶嵌在所有档的火药和魔法（披风、项链、戒指、腰带、手套、护腿、鞋子）上，可以找[/][255:0:255]宝石店[/]的珠宝工匠进行镶嵌。#★  [a]获取：[/]通过庄园宝石池培养宝石原料获得#★  [a]说明：[/]两颗该宝石可以找[/][255:0:255]宝石店[/]的珠宝工匠合成为更高一级宝石。下一级宝石能量+21。,宝石,53141,53141,53141,2,3,2,5018,0,,0,0,,,,,287,287,0,,,,1000,,-1,0,,-1,,,,,,,,,,0,,,,,,30058,11,1
40103,三档能量宝石,能量+21,★  [a]用途：[/]可以镶嵌在二至三档火药和魔法（披风、项链、戒指、腰带、手套、护腿、鞋子）上，可以找[/][255:0:255]宝石店[/]的珠宝工匠进行镶嵌。#★  [a]获取：[/]通过庄园宝石池培养宝石原料获得#★  [a]说明：[/]两颗该宝石可以找[/][255:0:255]宝石店[/]的珠宝工匠合成为更高一级宝石。#★  下一级宝石能量+28。,宝石,53142,53142,53142,3,3,2,5018,0,,0,0,,,,,793,793,0,,,,1000,,-1,0,,-1,,,,,,,,,,0,,,,,,30059,11,1
40104,四档能量宝石,能量+28,★  [a]用途：[/]可以镶嵌在三至四档火药和魔法（披风、项链、戒指、腰带、手套、护腿、鞋子）上，可以找[/][255:0:255]宝石店[/]的珠宝工匠进行镶嵌。#★  [a]获取：[/]通过庄园宝石池培养宝石原料获得#★  [a]说明：[/]两颗该宝石可以找[/][255:0:255]宝石店[/]的珠宝工匠合成为更高一级宝石。下一级宝石能量+35。,宝石,53143,53143,53143,4,3,2,5018,0,,0,0,,,,,3651,3651,0,,,,1000,,-1,1,,-1,,,,,,,,,,0,,,,,,30060,11,1
40105,五档能量宝石,能量+35,★  [a]用途：[/]可以镶嵌在四档火药和魔法（披风、项链、戒指、腰带、手套、护腿、鞋子）上，可以找[/][255:0:255]宝石店[/]的珠宝工匠进行镶嵌。#★  [a]获取：[/]通过庄园宝石池培养宝石原料获得#★  [a]说明：[/]两颗该宝石可以找[/][255:0:255]宝石店[/]的珠宝工匠合成为更高一级宝石。下一级宝石能量+42(暂时不开放),宝石,53059,53059,53059,5,3,2,5018,0,,0,0,,,,,6648,6648,0,,,,1000,,-1,1,,-1,,,,,,,,,,0,,,,,,30061,11,1
40106,六档能量宝石,能量+42,★  [a]用途：[/]可以镶嵌在火药和魔法（披风、项链、戒指、腰带、手套、护腿、鞋子）上，可以找[/][255:0:255]宝石店[/]的珠宝工匠进行镶嵌。#★  [a]获取：[/]通过庄园宝石池培养宝石原料获得#★  [a]说明：[/]两颗该宝石可以找[/][255:0:255]宝石店[/]的珠宝工匠合成为更高一级宝石。下一级宝石能量+50。,宝石,53144,53144,53144,6,3,2,0,0,,0,0,,,,,12134,12134,0,,,,1000,,-1,1,,-1,,,,,,,,,,0,,,,,,30062,11,1
40107,七档能量宝石,能量+50,★  [a]用途：[/]可以镶嵌在火药和魔法（披风、项链、戒指、腰带、手套、护腿、鞋子）上，可以找[/][255:0:255]宝石店[/]的珠宝工匠进行镶嵌。#★  [a]获取：[/]通过庄园宝石池培养宝石原料获得#★  [a]说明：[/]两颗该宝石可以找[/][255:0:255]宝石店[/]的珠宝工匠合成为更高一级宝石。下一级宝石能量+60。,宝石,53145,53145,53145,7,3,2,0,0,,0,0,,,,,20833,20833,0,,,,1000,,-1,1,,-1,,,,,,,,,,0,,,,,,30063,11,1
40108,八档能量宝石,能量+60,★  [a]用途：[/]可以镶嵌在火药和魔法（披风、项链、戒指、腰带、手套、护腿、鞋子）上。#★  [a]说明：[/]两颗该宝石为最高档宝石。,宝石,53146,53146,53146,8,3,2,0,0,,0,0,,,,,35182,35182,0,,,,1000,,-1,1,,-1,,,,,,,,,,0,,,,,,30064,11,1
40111,一档基础防御宝石,基础防御+5,★  [a]用途：[/]可以镶嵌在所有档的盾牌上，可以找[/][255:0:255]宝石店[/]的珠宝工匠进行镶嵌。#★  [a]获取：[/]通过庄园宝石池培养宝石原料获得#★  [a]说明：[/]两颗该宝石可以找[/][255:0:255]宝石店[/]的珠宝工匠合成为更高一级宝石。下一级宝石基础防御+8。,宝石,104188,104188,104188,1,3,2,5029,0,,0,0,,,,,164,164,0,,,,1000,,-1,0,,-1,,,,,,,,,,0,,,,,,33001,17,1
40112,二档基础防御宝石,基础防御+8,★  [a]用途：[/]可以镶嵌在所有档的盾牌上，可以找[/][255:0:255]宝石店[/]的珠宝工匠进行镶嵌。#★  [a]获取：[/]通过庄园宝石池培养宝石原料获得#★  [a]说明：[/]两颗该宝石可以找[/][255:0:255]宝石店[/]的珠宝工匠合成为更高一级宝石。下一级宝石基础防御+12。,宝石,104189,104189,104189,2,3,2,5029,0,,0,0,,,,,287,287,0,,,,1000,,-1,0,,-1,,,,,,,,,,0,,,,,,33002,17,1
40113,三档基础防御宝石,基础防御+12,★  [a]用途：[/]可以镶嵌在二至三档盾牌上，可以找[/][255:0:255]宝石店[/]的珠宝工匠进行镶嵌。#★  [a]获取：[/]通过庄园宝石池培养宝石原料获得#★  [a]说明：[/]两颗该宝石可以找[/][255:0:255]宝石店[/]的珠宝工匠合成为更高一级宝石。#★  下一级宝石基础防御+18。,宝石,104190,104190,104190,3,3,2,5029,0,,0,0,,,,,793,793,0,,,,1000,,-1,0,,-1,,,,,,,,,,0,,,,,,33003,17,1
40114,四档基础防御宝石,基础防御+18,★  [a]用途：[/]可以镶嵌在三至四档盾牌上，可以找[/][255:0:255]宝石店[/]的珠宝工匠进行镶嵌。#★  [a]获取：[/]通过庄园宝石池培养宝石原料获得#★  [a]说明：[/]两颗该宝石可以找[/][255:0:255]宝石店[/]的珠宝工匠合成为更高一级宝石。下一级宝石基础防御+24。,宝石,104191,104191,104191,4,3,2,5029,0,,0,0,,,,,3651,3651,0,,,,1000,,-1,1,,-1,,,,,,,,,,0,,,,,,33004,17,1
40115,五档基础防御宝石,基础防御+24,★  [a]用途：[/]可以镶嵌在四档盾牌上，可以找[/][255:0:255]宝石店[/]的珠宝工匠进行镶嵌。#★  [a]获取：[/]通过庄园宝石池培养宝石原料获得#★  [a]说明：[/]两颗该宝石可以找[/][255:0:255]宝石店[/]的珠宝工匠合成为更高一级宝石。下一级宝石基础防御+30。(暂时不开放),宝石,104192,104192,104192,5,3,2,5029,0,,0,0,,,,,6648,6648,0,,,,1000,,-1,1,,-1,,,,,,,,,,0,,,,,,33005,17,1
40116,六档基础防御宝石,基础防御+30,★  [a]用途：[/]可以镶嵌在盾牌上，可以找[/][255:0:255]宝石店[/]的珠宝工匠进行镶嵌。#★  [a]获取：[/]通过庄园宝石池培养宝石原料获得#★  [a]说明：[/]两颗该宝石可以找[/][255:0:255]宝石店[/]的珠宝工匠合成为更高一级宝石。下一级宝石基础防御+36。,宝石,104193,104193,104193,6,3,2,0,0,,0,0,,,,,12134,12134,0,,,,1000,,-1,1,,-1,,,,,,,,,,0,,,,,,33006,17,1
40117,七档基础防御宝石,基础防御+36,★  [a]用途：[/]可以镶嵌在盾牌上，可以找[/][255:0:255]宝石店[/]的珠宝工匠进行镶嵌。#★  [a]获取：[/]通过庄园宝石池培养宝石原料获得#★  [a]说明：[/]两颗该宝石可以找[/][255:0:255]宝石店[/]的珠宝工匠合成为更高一级宝石。下一级宝石基础防御+42。,宝石,104194,104194,104194,7,3,2,0,0,,0,0,,,,,20833,20833,0,,,,1000,,-1,1,,-1,,,,,,,,,,0,,,,,,33007,17,1
40118,八档基础防御宝石,基础防御+42,★  [a]用途：[/]可以镶嵌在盾牌上。#★  [a]说明：[/]两颗该宝石为最高档宝石。,宝石,104195,104195,104195,8,3,2,0,0,,0,0,,,,,35182,35182,0,,,,1000,,-1,1,,-1,,,,,,,,,,0,,,,,,33008,17,1
40121,一档反击概率宝石,反击概率＋2%,★  [a]用途：[/]可以镶嵌在所有档的盾牌上，可以找[/][255:0:255]宝石店[/]的珠宝工匠进行镶嵌。#★  [a]获取：[/]通过庄园宝石池培养宝石原料获得#★  [a]说明：[/]两颗该宝石可以找[/][255:0:255]宝石店[/]的珠宝工匠合成为更高一级宝石。下一级宝石反击概率+2.5%。,宝石,104180,104180,104180,1,3,2,5027,0,,0,0,,,,,164,164,0,,,,1000,,-1,0,,-1,,,,,,,,,,0,,,,,,33009,18,1
40122,二档反击概率宝石,反击概率＋2.5%,★  [a]用途：[/]可以镶嵌在所有档的盾牌上，可以找[/][255:0:255]宝石店[/]的珠宝工匠进行镶嵌。#★  [a]获取：[/]通过庄园宝石池培养宝石原料获得#★  [a]说明：[/]两颗该宝石可以找[/][255:0:255]宝石店[/]的珠宝工匠合成为更高一级宝石。下一级宝石反击概率+3%。,宝石,104181,104181,104181,2,3,2,5027,0,,0,0,,,,,287,287,0,,,,1000,,-1,1,,-1,,,,,,,,,,0,,,,,,33010,18,1
40123,三档反击概率宝石,反击概率＋3%,★  [a]用途：[/]可以镶嵌在二至三档盾牌上，可以找[/][255:0:255]宝石店[/]的珠宝工匠进行镶嵌。#★  [a]获取：[/]通过庄园宝石池培养宝石原料获得#★  [a]说明：[/]两颗该宝石可以找[/][255:0:255]宝石店[/]的珠宝工匠合成为更高一级宝石。#★  下一级宝石反击概率+3.5%。,宝石,104182,104182,104182,3,3,2,5027,0,,0,0,,,,,793,793,0,,,,1000,,-1,1,,-1,,,,,,,,,,0,,,,,,33011,18,1
40124,四档反击概率宝石,反击概率＋3.5%,★  [a]用途：[/]可以镶嵌在三至四档盾牌上，可以找[/][255:0:255]宝石店[/]的珠宝工匠进行镶嵌。#★  [a]获取：[/]通过庄园宝石池培养宝石原料获得#★  [a]说明：[/]两颗该宝石可以找[/][255:0:255]宝石店[/]的珠宝工匠合成为更高一级宝石。下一级宝石反击概率+4%。,宝石,104183,104183,104183,4,3,2,5027,0,,0,0,,,,,3651,3651,0,,,,1000,,-1,1,,-1,,,,,,,,,,0,,,,,,33012,18,1
40125,五档反击概率宝石,反击概率＋4%,★  [a]用途：[/]可以镶嵌在四档盾牌上，可以找[/][255:0:255]宝石店[/]的珠宝工匠进行镶嵌。#★  [a]获取：[/]通过庄园宝石池培养宝石原料获得#★  [a]说明：[/]两颗该宝石可以找[/][255:0:255]宝石店[/]的珠宝工匠合成为更高一级宝石。下一级宝石反击概率+4.5%。(暂时不开放),宝石,104184,104184,104184,5,3,2,5027,0,,0,0,,,,,6648,6648,0,,,,1000,,-1,1,,-1,,,,,,,,,,0,,,,,,33013,18,1
40126,六档反击概率宝石,反击概率＋4.5%,★  [a]用途：[/]可以镶嵌在盾牌上，可以找[/][255:0:255]宝石店[/]的珠宝工匠进行镶嵌。#★  [a]获取：[/]通过庄园宝石池培养宝石原料获得#★  [a]说明：[/]两颗该宝石可以找[/][255:0:255]宝石店[/]的珠宝工匠合成为更高一级宝石。下一级宝石反击概率+5%。,宝石,104185,104185,104185,6,3,2,0,0,,0,0,,,,,12134,12134,0,,,,1000,,-1,1,,-1,,,,,,,,,,0,,,,,,33014,18,1
40127,七档反击概率宝石,反击概率＋5%,★  [a]用途：[/]可以镶嵌在盾牌上，可以找[/][255:0:255]宝石店[/]的珠宝工匠进行镶嵌。#★  [a]获取：[/]通过庄园宝石池培养宝石原料获得#★  [a]说明：[/]两颗该宝石可以找[/][255:0:255]宝石店[/]的珠宝工匠合成为更高一级宝石。下一级宝石反击概率+5.5%。,宝石,104186,104186,104186,7,3,2,0,0,,0,0,,,,,20833,20833,0,,,,1000,,-1,1,,-1,,,,,,,,,,0,,,,,,33015,18,1
40128,八档反击概率宝石,反击概率＋5.5%,★  [a]用途：[/]可以镶嵌在盾牌上。#★  [a]说明：[/]两颗该宝石为最高档宝石。,宝石,104187,104187,104187,8,3,2,0,0,,0,0,,,,,35182,35182,0,,,,1000,,-1,1,,-1,,,,,,,,,,0,,,,,,33016,18,1
40131,一档反击强度宝石,反击强度＋100,★  [a]用途：[/]可以镶嵌在所有档的盾牌上，可以找[/][255:0:255]宝石店[/]的珠宝工匠进行镶嵌。#★  [a]获取：[/]通过庄园宝石池培养宝石原料获得#★  [a]说明：[/]两颗该宝石可以找[/][255:0:255]宝石店[/]的珠宝工匠合成为更高一级宝石。下一级宝石反击强度+110。,宝石,104172,104172,104172,1,3,2,5028,0,,0,0,,,,,164,164,0,,,,1000,,-1,0,,-1,,,,,,,,,,0,,,,,,33017,19,1
40132,二档反击强度宝石,反击强度＋110,★  [a]用途：[/]可以镶嵌在所有档的盾牌上，可以找[/][255:0:255]宝石店[/]的珠宝工匠进行镶嵌。#★  [a]获取：[/]通过庄园宝石池培养宝石原料获得#★  [a]说明：[/]两颗该宝石可以找[/][255:0:255]宝石店[/]的珠宝工匠合成为更高一级宝石。下一级宝石反击强度+120。,宝石,104173,104173,104173,2,3,2,5028,0,,0,0,,,,,287,287,0,,,,1000,,-1,1,,-1,,,,,,,,,,0,,,,,,33018,19,1
40133,三档反击强度宝石,反击强度＋120,★  [a]用途：[/]可以镶嵌在二至三档盾牌上，可以找[/][255:0:255]宝石店[/]的珠宝工匠进行镶嵌。#★  [a]获取：[/]通过庄园宝石池培养宝石原料获得#★  [a]说明：[/]两颗该宝石可以找[/][255:0:255]宝石店[/]的珠宝工匠合成为更高一级宝石。#★  下一级宝石反击强度+130。,宝石,104174,104174,104174,3,3,2,5028,0,,0,0,,,,,793,793,0,,,,1000,,-1,1,,-1,,,,,,,,,,0,,,,,,33019,19,1
40134,四档反击强度宝石,反击强度＋130,★  [a]用途：[/]可以镶嵌在三至四档盾牌上，可以找[/][255:0:255]宝石店[/]的珠宝工匠进行镶嵌。#★  [a]获取：[/]通过庄园宝石池培养宝石原料获得#★  [a]说明：[/]两颗该宝石可以找[/][255:0:255]宝石店[/]的珠宝工匠合成为更高一级宝石。下一级宝石反击强度+140。,宝石,104175,104175,104175,4,3,2,5028,0,,0,0,,,,,3651,3651,0,,,,1000,,-1,1,,-1,,,,,,,,,,0,,,,,,33020,19,1
40135,五档反击强度宝石,反击强度＋140,★  [a]用途：[/]可以镶嵌在四档盾牌上，可以找[/][255:0:255]宝石店[/]的珠宝工匠进行镶嵌。#★  [a]获取：[/]通过庄园宝石池培养宝石原料获得#★  [a]说明：[/]两颗该宝石可以找[/][255:0:255]宝石店[/]的珠宝工匠合成为更高一级宝石。下一级宝石反击强度+150。(暂时不开放),宝石,104176,104176,104176,5,3,2,5028,0,,0,0,,,,,6648,6648,0,,,,1000,,-1,1,,-1,,,,,,,,,,0,,,,,,33021,19,1
40136,六档反击强度宝石,反击强度＋150,★  [a]用途：[/]可以镶嵌在盾牌上，可以找[/][255:0:255]宝石店[/]的珠宝工匠进行镶嵌。#★  [a]获取：[/]通过庄园宝石池培养宝石原料获得#★  [a]说明：[/]两颗该宝石可以找[/][255:0:255]宝石店[/]的珠宝工匠合成为更高一级宝石。下一级宝石反击强度+160。,宝石,104177,104177,104177,6,3,2,0,0,,0,0,,,,,12134,12134,0,,,,1000,,-1,1,,-1,,,,,,,,,,0,,,,,,33022,19,1
40137,七档反击强度宝石,反击强度＋160,★  [a]用途：[/]可以镶嵌在盾牌上，可以找[/][255:0:255]宝石店[/]的珠宝工匠进行镶嵌。#★  [a]获取：[/]通过庄园宝石池培养宝石原料获得#★  [a]说明：[/]两颗该宝石可以找[/][255:0:255]宝石店[/]的珠宝工匠合成为更高一级宝石。下一级宝石反击强度+170。,宝石,104178,104178,104178,7,3,2,0,0,,0,0,,,,,20833,20833,0,,,,1000,,-1,1,,-1,,,,,,,,,,0,,,,,,33023,19,1
40138,八档反击强度宝石,反击强度＋170,★  [a]用途：[/]可以镶嵌在盾牌上。#★  [a]说明：[/]两颗该宝石为最高档宝石。,宝石,104179,104179,104179,8,3,2,0,0,,0,0,,,,,35182,35182,0,,,,1000,,-1,1,,-1,,,,,,,,,,0,,,,,,33024,19,1
40200,一档铁血黑石,物理攻击＋6,★  [a]用途：[/]可以镶嵌在所有档的物理武器上。#★  [a]获取：[/]通过庄园宝石池培养宝石原料获得,宝石(无法合成),104220,104220,104220,1,3,2,5006,0,,0,0,,,,,1029,1029,0,,,,1000,,-1,0,,-1,,,,,,,,,,0,,,,,,32001,12,
40202,二档铁血黑石,物理攻击＋9,★  [a]用途：[/]可以镶嵌在所有档的物理武器上。#★  [a]获取：[/]通过庄园宝石池培养宝石原料获得,宝石(无法合成),104221,104221,104221,2,3,2,5006,0,,0,0,,,,,1788,1788,0,,,,1000,,-1,1,,-1,,,,,,,,,,0,,,,,,32002,12,
40204,三档铁血黑石,物理攻击＋11,★  [a]用途：[/]可以镶嵌在二至四档物理武器上。#★  [a]获取：[/]通过庄园宝石池培养宝石原料获得,宝石(无法合成),104222,104222,104222,3,3,2,5006,0,,0,0,,,,,4350,4350,0,,,,1000,,-1,1,,-1,,,,,,,,,,0,,,,,,32003,12,
40206,四档铁血黑石,物理攻击＋15,★  [a]用途：[/]可以镶嵌在三至四档物理武器上。#★  [a]获取：[/]通过庄园宝石池培养宝石原料获得,宝石(无法合成),104223,104223,104223,4,3,2,5006,0,,0,0,,,,,17775,17775,0,,,,1000,,-1,1,,-1,,,,,,,,,,0,,,,,,32004,12,
40208,五档铁血黑石,物理攻击＋19,★  [a]用途：[/]可以镶嵌在四档物理武器上。#★  [a]获取：[/]通过庄园宝石池培养宝石原料获得,宝石(无法合成),104224,104224,104224,5,3,2,5006,0,,0,0,,,,,28599,28599,0,,,,1000,,-1,1,,-1,,,,,,,,,,0,,,,,,32005,12,
40210,六档铁血黑石,物理攻击＋23,★  [a]用途：[/]可以镶嵌在物理武器上。,宝石(无法合成),104225,104225,104225,6,3,2,0,0,,0,0,,,,,44103,44103,0,,,,1000,,-1,1,,-1,,,,,,,,,,0,,,,,,32006,12,
40212,七档铁血黑石,物理攻击＋26,★  [a]用途：[/]可以镶嵌在物理武器上。,宝石(无法合成),104226,104226,104226,7,3,2,0,0,,0,0,,,,,63306,63306,0,,,,1000,,-1,1,,-1,,,,,,,,,,0,,,,,,32007,12,
40214,八档铁血黑石,物理攻击＋31,★  [a]用途：[/]可以镶嵌在物理武器上。#★  [a]说明：[/]两颗该宝石为最高档宝石。,宝石(无法合成),104227,104227,104227,8,3,2,0,0,,0,0,,,,,86829,86829,0,,,,1000,,-1,1,,-1,,,,,,,,,,0,,,,,,32008,12,
40216,一档轰天火石,火药攻击＋6,★  [a]用途：[/]可以镶嵌在所有档的火药武器上。#★  [a]获取：[/]通过庄园宝石池培养宝石原料获得,宝石(无法合成),104212,104212,104212,1,3,2,5007,0,,0,0,,,,,1029,1029,0,,,,1000,,-1,0,,-1,,,,,,,,,,0,,,,,,32009,13,
40218,二档轰天火石,火药攻击＋9,★  [a]用途：[/]可以镶嵌在所有档的火药武器上。#★  [a]获取：[/]通过庄园宝石池培养宝石原料获得,宝石(无法合成),104213,104213,104213,2,3,2,5007,0,,0,0,,,,,1788,1788,0,,,,1000,,-1,1,,-1,,,,,,,,,,0,,,,,,32010,13,
40220,三档轰天火石,火药攻击＋11,★  [a]用途：[/]可以镶嵌在二至四档火药武器上。#★  [a]获取：[/]通过庄园宝石池培养宝石原料获得,宝石(无法合成),104214,104214,104214,3,3,2,5007,0,,0,0,,,,,4350,4350,0,,,,1000,,-1,1,,-1,,,,,,,,,,0,,,,,,32011,13,
40222,四档轰天火石,火药攻击＋15,★  [a]用途：[/]可以镶嵌在三至四档火药武器上。#★  [a]获取：[/]通过庄园宝石池培养宝石原料获得,宝石(无法合成),104215,104215,104215,4,3,2,5007,0,,0,0,,,,,17775,17775,0,,,,1000,,-1,1,,-1,,,,,,,,,,0,,,,,,32012,13,
40224,五档轰天火石,火药攻击＋19,★  [a]用途：[/]可以镶嵌在四档火药武器上。#★  [a]获取：[/]通过庄园宝石池培养宝石原料获得,宝石(无法合成),104216,104216,104216,5,3,2,5007,0,,0,0,,,,,28599,28599,0,,,,1000,,-1,1,,-1,,,,,,,,,,0,,,,,,32013,13,
40226,六档轰天火石,火药攻击＋23,★  [a]用途：[/]可以镶嵌在火药武器上。,宝石(无法合成),104217,104217,104217,6,3,2,0,0,,0,0,,,,,44103,44103,0,,,,1000,,-1,1,,-1,,,,,,,,,,0,,,,,,32014,13,
40228,七档轰天火石,火药攻击＋26,★  [a]用途：[/]可以镶嵌在火药武器上。,宝石(无法合成),104218,104218,104218,7,3,2,0,0,,0,0,,,,,63306,63306,0,,,,1000,,-1,1,,-1,,,,,,,,,,0,,,,,,32015,13,
40230,八档轰天火石,火药攻击＋31,★  [a]用途：[/]可以镶嵌在火药武器上。#★  [a]说明：[/]两颗该宝石为最高档宝石。,宝石(无法合成),104219,104219,104219,8,3,2,0,0,,0,0,,,,,86829,86829,0,,,,1000,,-1,1,,-1,,,,,,,,,,0,,,,,,32016,13,
40232,一档镇魂魔石,魔法攻击＋6,★  [a]用途：[/]可以镶嵌在所有档的魔法武器上。#★  [a]获取：[/]通过庄园宝石池培养宝石原料获得,宝石(无法合成),104228,104228,104228,1,3,2,5008,0,,0,0,,,,,1029,1029,0,,,,1000,,-1,0,,-1,,,,,,,,,,0,,,,,,32017,14,
40234,二档镇魂魔石,魔法攻击＋9,★  [a]用途：[/]可以镶嵌在所有档的魔法武器上。#★  [a]获取：[/]通过庄园宝石池培养宝石原料获得,宝石(无法合成),104229,104229,104229,2,3,2,5008,0,,0,0,,,,,1788,1788,0,,,,1000,,-1,1,,-1,,,,,,,,,,0,,,,,,32018,14,
40236,三档镇魂魔石,魔法攻击＋11,★  [a]用途：[/]可以镶嵌在二至四档魔法武器上。#★  [a]获取：[/]通过庄园宝石池培养宝石原料获得,宝石(无法合成),104230,104230,104230,3,3,2,5008,0,,0,0,,,,,4350,4350,0,,,,1000,,-1,1,,-1,,,,,,,,,,0,,,,,,32019,14,
40238,四档镇魂魔石,魔法攻击＋15,★  [a]用途：[/]可以镶嵌在三至四档魔法武器上。#★  [a]获取：[/]通过庄园宝石池培养宝石原料获得,宝石(无法合成),104231,104231,104231,4,3,2,5008,0,,0,0,,,,,17775,17775,0,,,,1000,,-1,1,,-1,,,,,,,,,,0,,,,,,32020,14,
40240,五档镇魂魔石,魔法攻击＋19,★  [a]用途：[/]可以镶嵌在四档魔法武器上。#★  [a]获取：[/]通过庄园宝石池培养宝石原料获得,宝石(无法合成),104232,104232,104232,5,3,2,5008,0,,0,0,,,,,28599,28599,0,,,,1000,,-1,1,,-1,,,,,,,,,,0,,,,,,32021,14,
40242,六档镇魂魔石,魔法攻击＋23,★  [a]用途：[/]可以镶嵌在魔法武器上。,宝石(无法合成),104233,104233,104233,6,3,2,0,0,,0,0,,,,,44103,44103,0,,,,1000,,-1,1,,-1,,,,,,,,,,0,,,,,,32022,14,
40244,七档镇魂魔石,魔法攻击＋26,★  [a]用途：[/]可以镶嵌在魔法武器上。,宝石(无法合成),104234,104234,104234,7,3,2,0,0,,0,0,,,,,63306,63306,0,,,,1000,,-1,1,,-1,,,,,,,,,,0,,,,,,32023,14,
40246,八档镇魂魔石,魔法攻击＋31,★  [a]用途：[/]可以镶嵌在魔法武器上。#★  [a]说明：[/]两颗该宝石为最高档宝石。,宝石(无法合成),104235,104235,104235,8,3,2,0,0,,0,0,,,,,86829,86829,0,,,,1000,,-1,1,,-1,,,,,,,,,,0,,,,,,32024,14,
40248,一档神兽血石,生命＋13,★  [a]用途：[/]可以镶嵌在所有档的腰带上。#★  [a]获取：[/]通过庄园宝石池培养宝石原料获得,宝石(无法合成),104196,104196,104196,1,3,2,5017,0,,0,0,,,,,1029,1029,0,,,,1000,,-1,0,,-1,,,,,,,,,,0,,,,,,32025,15,
40250,二档神兽血石,生命＋26,★  [a]用途：[/]可以镶嵌在所有档的腰带上。#★  [a]获取：[/]通过庄园宝石池培养宝石原料获得,宝石(无法合成),104197,104197,104197,2,3,2,5017,0,,0,0,,,,,1788,1788,0,,,,1000,,-1,1,,-1,,,,,,,,,,0,,,,,,32026,15,
40252,三档神兽血石,生命＋39,★  [a]用途：[/]可以镶嵌在二至四档腰带上。#★  [a]获取：[/]通过庄园宝石池培养宝石原料获得,宝石(无法合成),104198,104198,104198,3,3,2,5017,0,,0,0,,,,,4350,4350,0,,,,1000,,-1,1,,-1,,,,,,,,,,0,,,,,,32027,15,
40254,四档神兽血石,生命＋52,★  [a]用途：[/]可以镶嵌在三至四档腰带上。#★  [a]获取：[/]通过庄园宝石池培养宝石原料获得,宝石(无法合成),104199,104199,104199,4,3,2,5017,0,,0,0,,,,,17775,17775,0,,,,1000,,-1,1,,-1,,,,,,,,,,0,,,,,,32028,15,
40256,五档神兽血石,生命＋65,★  [a]用途：[/]可以镶嵌在四档腰带上。#★  [a]获取：[/]通过庄园宝石池培养宝石原料获得,宝石(无法合成),104200,104200,104200,5,3,2,5017,0,,0,0,,,,,28599,28599,0,,,,1000,,-1,1,,-1,,,,,,,,,,0,,,,,,32029,15,
40258,六档神兽血石,生命＋78,★  [a]用途：[/]可以镶嵌在所有腰带上。,宝石(无法合成),104201,104201,104201,6,3,2,0,0,,0,0,,,,,44103,44103,0,,,,1000,,-1,1,,-1,,,,,,,,,,0,,,,,,32030,15,
40260,七档神兽血石,生命＋91,★  [a]用途：[/]可以镶嵌在所有腰带上。,宝石(无法合成),104202,104202,104202,7,3,2,0,0,,0,0,,,,,63306,63306,0,,,,1000,,-1,1,,-1,,,,,,,,,,0,,,,,,32031,15,
40262,八档神兽血石,生命＋104,★  [a]用途：[/]可以镶嵌在所有腰带上。#★  [a]说明：[/]两颗该宝石为最高档宝石。,宝石(无法合成),104203,104203,104203,8,3,2,0,0,,0,0,,,,,86829,86829,0,,,,1000,,-1,1,,-1,,,,,,,,,,0,,,,,,32032,15,
40264,一档虚空圣石,能量＋13,★  [a]用途：[/]可以镶嵌在所有档的火药护腿、魔法护腿上。#★  [a]获取：[/]通过庄园宝石池培养宝石原料获得,宝石(无法合成),104204,104204,104204,1,3,2,5018,0,,0,0,,,,,1029,1029,0,,,,1000,,-1,0,,-1,,,,,,,,,,0,,,,,,32033,16,
40266,二档虚空圣石,能量＋20,★  [a]用途：[/]可以镶嵌在所有档的火药护腿、魔法护腿上。#★  [a]获取：[/]通过庄园宝石池培养宝石原料获得,宝石(无法合成),104205,104205,104205,2,3,2,5018,0,,0,0,,,,,1788,1788,0,,,,1000,,-1,0,,-1,,,,,,,,,,0,,,,,,32034,16,
40268,三档虚空圣石,能量＋27,★  [a]用途：[/]可以镶嵌在二至四档火药护腿、魔法护腿上。#★  [a]获取：[/]通过庄园宝石池培养宝石原料获得,宝石(无法合成),104206,104206,104206,3,3,2,5018,0,,0,0,,,,,4350,4350,0,,,,1000,,-1,0,,-1,,,,,,,,,,0,,,,,,32035,16,
40270,四档虚空圣石,能量＋36,★  [a]用途：[/]可以镶嵌在三至四档火药护腿、魔法护腿上。#★  [a]获取：[/]通过庄园宝石池培养宝石原料获得,宝石(无法合成),104207,104207,104207,4,3,2,5018,0,,0,0,,,,,17775,17775,0,,,,1000,,-1,1,,-1,,,,,,,,,,0,,,,,,32036,16,
40272,五档虚空圣石,能量＋46,★  [a]用途：[/]可以镶嵌在四档火药护腿、魔法护腿上。#★  [a]获取：[/]通过庄园宝石池培养宝石原料获得,宝石(无法合成),104208,104208,104208,5,3,2,5018,0,,0,0,,,,,28599,28599,0,,,,1000,,-1,1,,-1,,,,,,,,,,0,,,,,,32037,16,
40274,六档虚空圣石,能量＋55,★  [a]用途：[/]可以镶嵌在火药护腿、魔法护腿上。,宝石(无法合成),104209,104209,104209,6,3,2,0,0,,0,0,,,,,44103,44103,0,,,,1000,,-1,1,,-1,,,,,,,,,,0,,,,,,32038,16,
40276,七档虚空圣石,能量＋65,★  [a]用途：[/]可以镶嵌在火药护腿、魔法护腿上。,宝石(无法合成),104210,104210,104210,7,3,2,0,0,,0,0,,,,,63306,63306,0,,,,1000,,-1,1,,-1,,,,,,,,,,0,,,,,,32039,16,
40278,八档虚空圣石,能量＋78,★  [a]用途：[/]可以镶嵌在火药护腿、魔法护腿上。,宝石(无法合成),104211,104211,104211,8,3,2,0,0,,0,0,,,,,86829,86829,0,,,,1000,,-1,1,,-1,,,,,,,,,,0,,,,,,32040,16,
40300,【超级】一档铁血黑石,物理攻击＋10,★  [a]用途：[/]可以镶嵌在所有档的物理武器上，可以找[/][255:0:255]宝石店[/]的珠宝工匠进行镶嵌。#★  [a]说明：[/]下一级宝石物理攻击+14。,宝石(无法合成),104351,104351,104351,1,3,2,0,0,,0,0,,,,,60000,60000,0,,,,1000,,-1,0,,-1,,,,,,,,,,0,,,,,,34001,20,
40302,【超级】二档铁血黑石,物理攻击＋14,★  [a]用途：[/]可以镶嵌在所有档的物理武器上，可以找[/][255:0:255]宝石店[/]的珠宝工匠进行镶嵌。#★  [a]说明：[/]下一级宝石物理攻击+18。,宝石(无法合成),104352,104352,104352,2,3,2,0,0,,0,0,,,,,60000,60000,0,,,,1000,,-1,1,,-1,,,,,,,,,,0,,,,,,34002,20,
40304,【超级】三档铁血黑石,物理攻击＋18,★  [a]用途：[/]可以镶嵌在二至四档物理武器上，可以找[/][255:0:255]宝石店[/]的珠宝工匠进行镶嵌。#★  [a]说明：[/]下一级宝石物理攻击+24。,宝石(无法合成),104353,104353,104353,3,3,2,0,0,,0,0,,,,,60000,60000,0,,,,1000,,-1,1,,-1,,,,,,,,,,0,,,,,,34003,20,
40306,【超级】四档铁血黑石,物理攻击＋24,★  [a]用途：[/]可以镶嵌在三至四档物理武器上，可以找[/][255:0:255]宝石店[/]的珠宝工匠进行镶嵌。#★  [a]说明：[/]下一级宝石物理攻击+30。,宝石(无法合成),104354,104354,104354,4,3,2,0,0,,0,0,,,,,60000,60000,0,,,,1000,,-1,1,,-1,,,,,,,,,,0,,,,,,34004,20,
40308,【超级】五档铁血黑石,物理攻击＋30,★  [a]用途：[/]可以镶嵌在四档物理武器上，可以找[/][255:0:255]宝石店[/]的珠宝工匠进行镶嵌。#★  [a]说明：[/]下一级宝石物理攻击+36(暂时不开放),宝石(无法合成),104355,104355,104355,5,3,2,0,0,,0,0,,,,,60000,60000,0,,,,1000,,-1,1,,-1,,,,,,,,,,0,,,,,,34005,20,
40310,【超级】六档铁血黑石,物理攻击＋36,★  [a]用途：[/]可以镶嵌在物理武器上，可以找[/][255:0:255]宝石店[/]的珠宝工匠进行镶嵌。#★  [a]说明：[/]下一级宝石物理攻击+42。,宝石(无法合成),104356,104356,104356,6,3,2,0,0,,0,0,,,,,60000,60000,0,,,,1000,,-1,1,,-1,,,,,,,,,,0,,,,,,34006,20,
40312,【超级】七档铁血黑石,物理攻击＋42,★  [a]用途：[/]可以镶嵌在物理武器上，可以找[/][255:0:255]宝石店[/]的珠宝工匠进行镶嵌。#★  [a]说明：[/]下一级宝石物理攻击+50。,宝石(无法合成),104357,104357,104357,7,3,2,0,0,,0,0,,,,,60000,60000,0,,,,1000,,-1,1,,-1,,,,,,,,,,0,,,,,,34007,20,
40314,【超级】八档铁血黑石,物理攻击＋50,★  [a]用途：[/]可以镶嵌在物理武器上。#★  [a]说明：[/]两颗该宝石为最高档宝石。,宝石(无法合成),104358,104358,104358,8,3,2,0,0,,0,0,,,,,60000,60000,0,,,,1000,,-1,1,,-1,,,,,,,,,,0,,,,,,34008,20,
40320,【超级】一档轰天火石,火药攻击＋10,★  [a]用途：[/]可以镶嵌在所有档的火药武器上，可以找[/][255:0:255]宝石店[/]的珠宝工匠进行镶嵌。#★  [a]说明：[/]下一级宝石火药攻击+14。,宝石(无法合成),104335,104335,104335,1,3,2,0,0,,0,0,,,,,60000,60000,0,,,,1000,,-1,0,,-1,,,,,,,,,,0,,,,,,34009,21,
40322,【超级】二档轰天火石,火药攻击＋14,★  [a]用途：[/]可以镶嵌在所有档的火药武器上，可以找[/][255:0:255]宝石店[/]的珠宝工匠进行镶嵌。#★  [a]说明：[/]下一级宝石火药攻击+18。,宝石(无法合成),104336,104336,104336,2,3,2,0,0,,0,0,,,,,60000,60000,0,,,,1000,,-1,1,,-1,,,,,,,,,,0,,,,,,34010,21,
40324,【超级】三档轰天火石,火药攻击＋18,★  [a]用途：[/]可以镶嵌在二至三档火药武器上，可以找[/][255:0:255]宝石店[/]的珠宝工匠进行镶嵌。#★  [a]说明：[/]下一级宝石火药攻击+24。,宝石(无法合成),104337,104337,104337,3,3,2,0,0,,0,0,,,,,60000,60000,0,,,,1000,,-1,1,,-1,,,,,,,,,,0,,,,,,34011,21,
40326,【超级】四档轰天火石,火药攻击＋24,★  [a]用途：[/]可以镶嵌在三至四档火药武器上，可以找[/][255:0:255]宝石店[/]的珠宝工匠进行镶嵌。#★  [a]说明：[/]下一级宝石火药攻击+30。,宝石(无法合成),104338,104338,104338,4,3,2,0,0,,0,0,,,,,60000,60000,0,,,,1000,,-1,1,,-1,,,,,,,,,,0,,,,,,34012,21,
40328,【超级】五档轰天火石,火药攻击＋30,★  [a]用途：[/]可以镶嵌在四档火药武器上，可以找[/][255:0:255]宝石店[/]的珠宝工匠进行镶嵌。#★  [a]说明：[/]下一级宝石火药攻击+36(暂时不开放),宝石(无法合成),104339,104339,104339,5,3,2,0,0,,0,0,,,,,60000,60000,0,,,,1000,,-1,1,,-1,,,,,,,,,,0,,,,,,34013,21,
40330,【超级】六档轰天火石,火药攻击＋36,★  [a]用途：[/]可以镶嵌在火药武器上，可以找[/][255:0:255]宝石店[/]的珠宝工匠进行镶嵌。#★  [a]说明：[/]下一级宝石火药攻击+42。,宝石(无法合成),104340,104340,104340,6,3,2,0,0,,0,0,,,,,60000,60000,0,,,,1000,,-1,1,,-1,,,,,,,,,,0,,,,,,34014,21,
40332,【超级】七档轰天火石,火药攻击＋42,★  [a]用途：[/]可以镶嵌在火药武器上，可以找[/][255:0:255]宝石店[/]的珠宝工匠进行镶嵌。#★  [a]说明：[/]下一级宝石火药攻击+50。,宝石(无法合成),104341,104341,104341,7,3,2,0,0,,0,0,,,,,60000,60000,0,,,,1000,,-1,1,,-1,,,,,,,,,,0,,,,,,34015,21,
40334,【超级】八档轰天火石,火药攻击＋50,★  [a]用途：[/]可以镶嵌在火药武器上。#★  [a]说明：[/]两颗该宝石为最高档宝石。,宝石(无法合成),104342,104342,104342,8,3,2,0,0,,0,0,,,,,60000,60000,0,,,,1000,,-1,1,,-1,,,,,,,,,,0,,,,,,34016,21,
40340,【超级】一档镇魂魔石,魔法攻击＋10,★  [a]用途：[/]可以镶嵌在所有档的魔法武器上，可以找[/][255:0:255]宝石店[/]的珠宝工匠进行镶嵌。#★  [a]说明：[/]下一级宝石魔法攻击+14。,宝石(无法合成),104359,104359,104359,1,3,2,0,0,,0,0,,,,,60000,60000,0,,,,1000,,-1,0,,-1,,,,,,,,,,0,,,,,,34017,22,
40342,【超级】二档镇魂魔石,魔法攻击＋14,★  [a]用途：[/]可以镶嵌在所有档的魔法武器上，可以找[/][255:0:255]宝石店[/]的珠宝工匠进行镶嵌。#★  [a]说明：[/]下一级宝石魔法攻击+18。,宝石(无法合成),104360,104360,104360,2,3,2,0,0,,0,0,,,,,60000,60000,0,,,,1000,,-1,1,,-1,,,,,,,,,,0,,,,,,34018,22,
40344,【超级】三档镇魂魔石,魔法攻击＋18,★  [a]用途：[/]可以镶嵌在二至三档魔法武器上，可以找[/][255:0:255]宝石店[/]的珠宝工匠进行镶嵌。#★  [a]说明：[/]下一级宝石魔法攻击+24。,宝石(无法合成),104361,104361,104361,3,3,2,0,0,,0,0,,,,,60000,60000,0,,,,1000,,-1,1,,-1,,,,,,,,,,0,,,,,,34019,22,
40346,【超级】四档镇魂魔石,魔法攻击＋24,★  [a]用途：[/]可以镶嵌在三至四档魔法武器上，可以找[/][255:0:255]宝石店[/]的珠宝工匠进行镶嵌。#★  [a]说明：[/]下一级宝石魔法攻击+30。,宝石(无法合成),104362,104362,104362,4,3,2,0,0,,0,0,,,,,60000,60000,0,,,,1000,,-1,1,,-1,,,,,,,,,,0,,,,,,34020,22,
40348,【超级】五档镇魂魔石,魔法攻击＋30,★  [a]用途：[/]可以镶嵌在四档魔法武器上，可以找[/][255:0:255]宝石店[/]的珠宝工匠进行镶嵌。#★  [a]说明：[/]下一级宝石魔法攻击+36(暂时不开放),宝石(无法合成),104363,104363,104363,5,3,2,0,0,,0,0,,,,,60000,60000,0,,,,1000,,-1,1,,-1,,,,,,,,,,0,,,,,,34021,22,
40350,【超级】六档镇魂魔石,魔法攻击＋36,★  [a]用途：[/]可以镶嵌在魔法武器上，可以找[/][255:0:255]宝石店[/]的珠宝工匠进行镶嵌。#★  [a]说明：[/]下一级宝石魔法攻击+42。,宝石(无法合成),104364,104364,104364,6,3,2,0,0,,0,0,,,,,60000,60000,0,,,,1000,,-1,1,,-1,,,,,,,,,,0,,,,,,34022,22,
40352,【超级】七档镇魂魔石,魔法攻击＋42,★  [a]用途：[/]可以镶嵌在魔法武器上，可以找[/][255:0:255]宝石店[/]的珠宝工匠进行镶嵌。#★  [a]说明：[/]下一级宝石魔法攻击+50。,宝石(无法合成),104365,104365,104365,7,3,2,0,0,,0,0,,,,,60000,60000,0,,,,1000,,-1,1,,-1,,,,,,,,,,0,,,,,,34023,22,
40354,【超级】八档镇魂魔石,魔法攻击＋50,★  [a]用途：[/]可以镶嵌在魔法武器上。#★  [a]说明：[/]两颗该宝石为最高档宝石。,宝石(无法合成),104366,104366,104366,8,3,2,0,0,,0,0,,,,,60000,60000,0,,,,1000,,-1,1,,-1,,,,,,,,,,0,,,,,,34024,22,
40360,【超级】一档神兽血石,生命＋20,★  [a]用途：[/]可以镶嵌在所有档的腰带上，可以找[/][255:0:255]宝石店[/]的珠宝工匠进行镶嵌。#★  [a]说明：[/]下一级宝石生命+40。,宝石(无法合成),104319,104319,104319,1,3,2,0,0,,0,0,,,,,60000,60000,0,,,,1000,,-1,0,,-1,,,,,,,,,,0,,,,,,34025,23,
40362,【超级】二档神兽血石,生命＋40,★  [a]用途：[/]可以镶嵌在所有档的腰带上，可以找[/][255:0:255]宝石店[/]的珠宝工匠进行镶嵌。#★  [a]说明：[/]下一级宝石生命+60。,宝石(无法合成),104320,104320,104320,2,3,2,0,0,,0,0,,,,,60000,60000,0,,,,1000,,-1,1,,-1,,,,,,,,,,0,,,,,,34026,23,
40364,【超级】三档神兽血石,生命＋60,★  [a]用途：[/]可以镶嵌在二至三档腰带上，可以找[/][255:0:255]宝石店[/]的珠宝工匠进行镶嵌。#★  [a]说明：[/]下一级宝石生命+80。,宝石(无法合成),104321,104321,104321,3,3,2,0,0,,0,0,,,,,60000,60000,0,,,,1000,,-1,1,,-1,,,,,,,,,,0,,,,,,34027,23,
40366,【超级】四档神兽血石,生命＋80,★  [a]用途：[/]可以镶嵌在三至四档腰带上，可以找[/][255:0:255]宝石店[/]的珠宝工匠进行镶嵌。#★  [a]说明：[/]下一级宝石生命+100。,宝石(无法合成),104322,104322,104322,4,3,2,0,0,,0,0,,,,,60000,60000,0,,,,1000,,-1,1,,-1,,,,,,,,,,0,,,,,,34028,23,
40368,【超级】五档神兽血石,生命＋100,★  [a]用途：[/]可以镶嵌在四档腰带上，可以找[/][255:0:255]宝石店[/]的珠宝工匠进行镶嵌。#★  [a]说明：[/]下一级宝石生命+120(暂时不开放),宝石(无法合成),104323,104323,104323,5,3,2,0,0,,0,0,,,,,60000,60000,0,,,,1000,,-1,1,,-1,,,,,,,,,,0,,,,,,34029,23,
40370,【超级】六档神兽血石,生命＋120,★  [a]用途：[/]可以镶嵌在腰带上，可以找[/][255:0:255]宝石店[/]的珠宝工匠进行镶嵌。#★  [a]说明：[/]下一级宝石生命+140。,宝石(无法合成),104324,104324,104324,6,3,2,0,0,,0,0,,,,,60000,60000,0,,,,1000,,-1,1,,-1,,,,,,,,,,0,,,,,,34030,23,
40372,【超级】七档神兽血石,生命＋140,★  [a]用途：[/]可以镶嵌在腰带上，可以找[/][255:0:255]宝石店[/]的珠宝工匠进行镶嵌。#★  [a]说明：[/]下一级宝石生命+160。,宝石(无法合成),104325,104325,104325,7,3,2,0,0,,0,0,,,,,60000,60000,0,,,,1000,,-1,1,,-1,,,,,,,,,,0,,,,,,34031,23,
40374,【超级】八档神兽血石,生命＋160,★  [a]用途：[/]可以镶嵌在腰带上。#★  [a]说明：[/]两颗该宝石为最高档宝石。,宝石(无法合成),104326,104326,104326,8,3,2,0,0,,0,0,,,,,60000,60000,0,,,,1000,,-1,1,,-1,,,,,,,,,,0,,,,,,34032,23,
40380,【超级】一档虚空圣石,能量＋20,★  [a]用途：[/]可以镶嵌在所有档的护腿上，可以找[/][255:0:255]宝石店[/]的珠宝工匠进行镶嵌。#★  [a]说明：[/]下一级宝石能量+30。,宝石(无法合成),104327,104327,104327,1,3,2,0,0,,0,0,,,,,60000,60000,0,,,,1000,,-1,0,,-1,,,,,,,,,,0,,,,,,34033,24,
40382,【超级】二档虚空圣石,能量＋30,★  [a]用途：[/]可以镶嵌在所有档的护腿上，可以找[/][255:0:255]宝石店[/]的珠宝工匠进行镶嵌。#★  [a]说明：[/]下一级宝石能量+42。,宝石(无法合成),104328,104328,104328,2,3,2,0,0,,0,0,,,,,60000,60000,0,,,,1000,,-1,0,,-1,,,,,,,,,,0,,,,,,34034,24,
40384,【超级】三档虚空圣石,能量＋42,★  [a]用途：[/]可以镶嵌在二至三档所有护腿上，可以找[/][255:0:255]宝石店[/]的珠宝工匠进行镶嵌。#★  [a]说明：[/]下一级宝石能量+56。,宝石(无法合成),104329,104329,104329,3,3,2,0,0,,0,0,,,,,60000,60000,0,,,,1000,,-1,1,,-1,,,,,,,,,,0,,,,,,34035,24,
40386,【超级】四档虚空圣石,能量＋56,★  [a]用途：[/]可以镶嵌在三至四档所有护腿上，可以找[/][255:0:255]宝石店[/]的珠宝工匠进行镶嵌。#★  [a]说明：[/]下一级宝石能量+70。,宝石(无法合成),104330,104330,104330,4,3,2,0,0,,0,0,,,,,60000,60000,0,,,,1000,,-1,1,,-1,,,,,,,,,,0,,,,,,34036,24,
40388,【超级】五档虚空圣石,能量＋70,★  [a]用途：[/]可以镶嵌在四档所有护腿上，可以找[/][255:0:255]宝石店[/]的珠宝工匠进行镶嵌。#★  [a]说明：[/]下一级宝石能量+84(暂时不开放),宝石(无法合成),104331,104331,104331,5,3,2,0,0,,0,0,,,,,60000,60000,0,,,,1000,,-1,1,,-1,,,,,,,,,,0,,,,,,34037,24,
40390,【超级】六档虚空圣石,能量＋84,★  [a]用途：[/]可以镶嵌在所有护腿上，可以找[/][255:0:255]宝石店[/]的珠宝工匠进行镶嵌。#★  [a]说明：[/]下一级宝石能量+100。,宝石(无法合成),104332,104332,104332,6,3,2,0,0,,0,0,,,,,60000,60000,0,,,,1000,,-1,1,,-1,,,,,,,,,,0,,,,,,34038,24,
40392,【超级】七档虚空圣石,能量＋100,★  [a]用途：[/]可以镶嵌在所有护腿上，可以找[/][255:0:255]宝石店[/]的珠宝工匠进行镶嵌。#★  [a]说明：[/]下一级宝石能量+120。,宝石(无法合成),104333,104333,104333,7,3,2,0,0,,0,0,,,,,60000,60000,0,,,,1000,,-1,1,,-1,,,,,,,,,,0,,,,,,34039,24,
40394,【超级】八档虚空圣石,能量＋120,★  [a]用途：[/]可以镶嵌在所有护腿上。#★  [a]说明：[/]两颗该宝石为最高档宝石。,宝石(无法合成),104334,104334,104334,8,3,2,0,0,,0,0,,,,,60000,60000,0,,,,1000,,-1,1,,-1,,,,,,,,,,0,,,,,,34040,24,
40400,【超级】一档金甲灵石,基础防御＋6,★  [a]用途：[/]可以镶嵌在所有档的鞋子上，可以找[/][255:0:255]宝石店[/]的珠宝工匠进行镶嵌。#★  [a]说明：[/]下一级宝石基础防御+10。,宝石(无法合成),104343,104343,104343,1,3,2,0,0,,0,0,,,,,60000,60000,0,,,,1000,,-1,0,,-1,,,,,,,,,,0,,,,,,34041,25,
40402,【超级】二档金甲灵石,基础防御＋10,★  [a]用途：[/]可以镶嵌在所有档的鞋子上，可以找[/][255:0:255]宝石店[/]的珠宝工匠进行镶嵌。#★  [a]说明：[/]下一级宝石基础防御+14。,宝石(无法合成),104344,104344,104344,2,3,2,0,0,,0,0,,,,,60000,60000,0,,,,1000,,-1,1,,-1,,,,,,,,,,0,,,,,,34042,25,
40404,【超级】三档金甲灵石,基础防御＋14,★  [a]用途：[/]可以镶嵌在二至三档所有鞋子上，可以找[/][255:0:255]宝石店[/]的珠宝工匠进行镶嵌。#★  [a]说明：[/]下一级宝石基础防御+22。,宝石(无法合成),104345,104345,104345,3,3,2,0,0,,0,0,,,,,60000,60000,0,,,,1000,,-1,1,,-1,,,,,,,,,,0,,,,,,34043,25,
40406,【超级】四档金甲灵石,基础防御＋22,★  [a]用途：[/]可以镶嵌在三至四档所有鞋子上，可以找[/][255:0:255]宝石店[/]的珠宝工匠进行镶嵌。#★  [a]说明：[/]下一级宝石基础防御+28。,宝石(无法合成),104346,104346,104346,4,3,2,0,0,,0,0,,,,,60000,60000,0,,,,1000,,-1,1,,-1,,,,,,,,,,0,,,,,,34044,25,
40408,【超级】五档金甲灵石,基础防御＋28,★  [a]用途：[/]可以镶嵌在四档所有鞋子上，可以找[/][255:0:255]宝石店[/]的珠宝工匠进行镶嵌。#★  [a]说明：[/]下一级宝石基础防御+36。(暂时不开放),宝石(无法合成),104347,104347,104347,5,3,2,0,0,,0,0,,,,,60000,60000,0,,,,1000,,-1,1,,-1,,,,,,,,,,0,,,,,,34045,25,
40410,【超级】六档金甲灵石,基础防御＋36,★  [a]用途：[/]可以镶嵌在所有鞋子上，可以找[/][255:0:255]宝石店[/]的珠宝工匠进行镶嵌。#★  [a]说明：[/]下一级宝石基础防御+44。,宝石(无法合成),104348,104348,104348,6,3,2,0,0,,0,0,,,,,60000,60000,0,,,,1000,,-1,1,,-1,,,,,,,,,,0,,,,,,34046,25,
40412,【超级】七档金甲灵石,基础防御＋44,★  [a]用途：[/]可以镶嵌在所有鞋子上，可以找[/][255:0:255]宝石店[/]的珠宝工匠进行镶嵌。#★  [a]说明：[/]下一级宝石基础防御+50。,宝石(无法合成),104349,104349,104349,7,3,2,0,0,,0,0,,,,,60000,60000,0,,,,1000,,-1,1,,-1,,,,,,,,,,0,,,,,,34047,25,
40414,【超级】八档金甲灵石,基础防御＋50,★  [a]用途：[/]可以镶嵌在所有鞋子上。#★  [a]说明：[/]两颗该宝石为最高档宝石。,宝石(无法合成),104350,104350,104350,8,3,2,0,0,,0,0,,,,,60000,60000,0,,,,1000,,-1,1,,-1,,,,,,,,,,0,,,,,,34048,25,
